timestamp_s,errorx,errory,aileron,elevator,rudder,roll_deg,pitch_deg,roll_rate_dps,pitch_rate_dps,pid_roll_desired,pid_roll_P,pid_roll_I,pid_roll_D,pid_pitch_desired,pid_pitch_P,pid_pitch_I,pid_pitch_D,alt_rel_m,groundspeed_ms,throttle_pct,nav_pitch_deg,target_locked,dist_m
5394.147,-0.1437,-0.3407,-0.0133,0.1657,-0.5971,0.183,-4.957,0.987,0.245,0.0000,0.0000,0.0000,0.0000,0.0000,0.0000,0.0000,0.0000,85.13,24.57,45,-0.700,1,669.4
5394.238,-0.1545,-0.3407,-0.0133,0.1643,-0.5986,0.241,-4.953,0.524,0.429,0.0000,0.0000,0.0000,0.0000,0.0000,0.0000,0.0000,0.0000,84.91,24.57,45,-1.000,1,664.4
5394.335,-0.1663,-0.3771,-0.0067,0.1643,-0.5786,0.234,-4.710,1.156,4.923,0.0000,0.0000,0.0000,0.0000,0.0000,0.0000,0.0000,0.0000,84.91,24.57,45,-1.470,1,664.4
5394.437,-0.1598,-0.4356,-0.0067,0.1643,-0.5786,0.234,-4.710,1.156,4.923,0.0000,0.0000,0.0000,0.0000,0.0000,0.0000,0.0000,0.0000,84.91,24.57,45,-1.470,1,664.4
5394.529,-0.1521,-0.5191,-0.0067,0.1643,-0.5586,0.384,-4.007,1.688,7.776,0.0000,0.0000,0.0000,0.0000,0.0000,0.0000,0.0000,0.0000,84.71,24.57,44,-1.910,1,659.4
5394.629,-0.1421,-0.5561,-0.0067,0.1686,-0.5257,0.330,-2.907,-1.887,4.251,0.0000,0.0000,0.0000,0.0000,0.0000,0.0000,0.0000,0.0000,84.71,24.56,44,-3.600,1,659.4
5394.733,-0.1500,-0.5677,-0.0067,0.1714,-0.5086,0.072,-2.620,-2.440,1.566,0.0000,0.0000,0.0000,0.0000,0.0000,0.0000,0.0000,0.0000,84.58,24.53,44,-4.540,1,654.6
5394.837,-0.1500,-0.5454,-0.0067,0.1714,-0.4943,-0.073,-2.652,-2.578,-1.307,0.0000,0.0000,0.0000,0.0000,0.0000,0.0000,0.0000,0.0000,84.55,24.51,44,-6.040,1,650.9
5394.936,-0.1701,-0.4956,-0.0067,0.1729,-0.4757,-0.298,-2.837,-1.557,-1.193,0.0000,0.0000,0.0000,0.0000,0.0000,0.0000,0.0000,0.0000,84.55,24.49,43,-7.020,1,650.9
5395.050,-0.1723,-0.4815,0.0000,0.1743,-0.4457,-0.478,-2.851,-0.718,0.823,0.0000,0.0000,0.0000,0.0000,0.0000,0.0000,0.0000,0.0000,84.51,24.48,43,-8.290,1,644.9
5395.153,-0.1778,-0.4815,0.0000,0.1743,-0.4229,-0.564,-2.900,-0.666,-2.261,0.0000,0.0000,0.0000,0.0000,0.0000,0.0000,0.0000,0.0000,84.51,24.47,43,-9.970,1,644.9
5395.258,-0.1433,-0.4131,0.0000,0.1743,-0.4286,-0.811,-3.337,-4.007,-6.836,0.0000,0.0000,0.0000,0.0000,0.0000,0.0000,0.0000,0.0000,84.49,24.46,42,-10.570,1,641.3
5395.361,-0.1682,-0.3096,0.0000,0.1771,-0.4257,-1.214,-4.115,-3.319,-7.771,0.0000,0.0000,0.0000,0.0000,0.0000,0.0000,0.0000,0.0000,84.49,24.46,42,-11.000,1,641.3
5395.455,-0.1709,-0.2842,0.0000,0.1771,-0.4257,-1.214,-4.115,-3.319,-7.771,0.0000,0.0000,0.0000,0.0000,0.0000,0.0000,0.0000,0.0000,84.49,24.46,42,-11.000,1,641.3
5395.554,-0.1927,-0.2067,0.0000,0.1729,-0.4243,-1.494,-5.062,-0.452,-5.150,0.0000,0.0000,0.0000,0.0000,0.0000,0.0000,0.0000,0.0000,84.39,24.47,42,-11.010,1,635.2
5395.654,-0.1788,-0.1852,0.0067,0.1657,-0.4371,-1.527,-5.633,-0.083,-6.356,0.0000,0.0000,0.0000,0.0000,0.0000,0.0000,0.0000,0.0000,84.24,24.49,41,-11.180,1,631.5
5395.752,-0.1505,-0.1091,0.0000,0.1657,-0.4571,-1.851,-6.965,-3.702,-9.079,0.0000,0.0000,0.0000,0.0000,0.0000,0.0000,0.0000,0.0000,84.24,24.51,41,-11.320,1,631.5
5395.845,-0.1350,-0.1128,0.0000,0.1657,-0.4657,-2.084,-7.452,-4.435,-8.489,0.0000,0.0000,0.0000,0.0000,0.0000,0.0000,0.0000,0.0000,83.95,24.54,41,-11.360,1,626.5
5395.936,-0.1496,-0.0558,0.0000,0.1643,-0.4729,-2.094,-7.469,-4.439,-8.488,0.0000,0.0000,0.0000,0.0000,0.0000,0.0000,0.0000,0.0000,83.95,24.54,41,-11.320,1,626.5
5396.033,-0.1583,+0.0442,0.0000,0.1614,-0.4871,-2.739,-8.648,-3.305,-7.743,0.0000,0.0000,0.0000,0.0000,0.0000,0.0000,0.0000,0.0000,83.95,24.59,41,-11.130,1,626.5
5396.128,-0.1792,+0.1003,0.0067,0.1571,-0.5171,-3.135,-9.805,-1.970,-6.521,0.0000,0.0000,0.0000,0.0000,0.0000,0.0000,0.0000,0.0000,83.65,24.65,42,-9.850,1,622.8
5396.223,-0.1521,+0.1142,0.0067,0.1543,-0.5229,-3.317,-10.238,-1.582,-1.359,0.0000,0.0000,0.0000,0.0000,0.0000,0.0000,0.0000,0.0000,82.96,24.71,42,-9.100,1,616.7
5396.324,-0.1307,+0.0426,0.0000,0.1571,-0.5514,-3.693,-10.495,-3.701,-2.188,0.0000,0.0000,0.0000,0.0000,0.0000,0.0000,0.0000,0.0000,82.96,24.78,42,-8.440,1,616.7
5396.412,-0.1320,+0.0381,0.0000,0.1571,-0.5514,-3.693,-10.495,-3.701,-2.188,0.0000,0.0000,0.0000,0.0000,0.0000,0.0000,0.0000,0.0000,82.96,24.78,42,-8.440,1,616.7
5396.509,-0.1191,+0.0656,0.0000,0.1586,-0.5614,-3.898,-10.659,-4.198,-3.122,0.0000,0.0000,0.0000,0.0000,0.0000,0.0000,0.0000,0.0000,82.96,24.86,42,-8.710,1,616.7
5396.604,-0.1437,+0.0296,0.0000,0.1600,-0.5514,-4.582,-11.060,-3.861,0.697,0.0000,0.0000,0.0000,0.0000,0.0000,0.0000,0.0000,0.0000,82.30,24.94,42,-8.970,1,611.8
5396.693,-0.1328,-0.0781,0.0000,0.1614,-0.5414,-4.930,-10.221,-1.961,5.931,0.0000,0.0000,0.0000,0.0000,0.0000,0.0000,0.0000,0.0000,81.40,25.08,42,-8.610,1,605.5
5396.787,-0.1103,-0.1264,0.0000,0.1614,-0.5329,-5.186,-9.842,-3.573,3.209,0.0000,0.0000,0.0000,0.0000,0.0000,0.0000,0.0000,0.0000,81.40,25.20,42,-10.010,1,605.5
5396.890,-0.1059,-0.1593,0.0000,0.1643,-0.5186,-5.355,-9.716,-3.900,3.228,0.0000,0.0000,0.0000,0.0000,0.0000,0.0000,0.0000,0.0000,80.86,25.26,41,-10.210,1,601.6
5396.983,-0.0762,-0.1760,-0.0067,0.1686,-0.5057,-5.735,-9.448,-4.023,2.866,0.0000,0.0000,0.0000,0.0000,0.0000,0.0000,0.0000,0.0000,80.86,25.35,41,-10.920,1,601.6
5397.078,-0.0980,-0.1773,-0.0133,0.1757,-0.4843,-6.259,-9.142,-2.233,2.362,0.0000,0.0000,0.0000,0.0000,0.0000,0.0000,0.0000,0.0000,80.06,25.48,41,-11.790,1,595.2
5397.174,-0.1043,-0.1588,-0.0067,0.1743,-0.4686,-6.356,-9.019,-1.659,2.679,0.0000,0.0000,0.0000,0.0000,0.0000,0.0000,0.0000,0.0000,80.06,25.53,41,-12.100,1,595.2
5397.286,-0.1033,-0.1962,-0.0067,0.1771,-0.4571,-6.448,-8.737,-0.412,3.543,0.0000,0.0000,0.0000,0.0000,0.0000,0.0000,0.0000,0.0000,79.74,25.56,40,-11.960,1,592.6
5397.387,-0.0607,-0.2394,-0.0067,0.1771,-0.4543,-6.468,-8.592,-0.735,3.500,0.0000,0.0000,0.0000,0.0000,0.0000,0.0000,0.0000,0.0000,79.74,25.67,40,-11.930,1,592.6
5397.491,-0.0515,-0.1900,-0.0067,0.1771,-0.4543,-6.553,-8.441,-1.805,0.074,0.0000,0.0000,0.0000,0.0000,0.0000,0.0000,0.0000,0.0000,79.74,25.67,40,-12.270,1,592.6
5397.590,-0.0594,-0.1094,-0.0200,0.1829,-0.4657,-7.005,-9.078,-2.325,-3.766,0.0000,0.0000,0.0000,0.0000,0.0000,0.0000,0.0000,0.0000,79.04,25.79,40,-12.790,1,586.1
5397.686,-0.0730,-0.0967,-0.0200,0.1829,-0.4600,-7.147,-9.307,-0.086,-0.982,0.0000,0.0000,0.0000,0.0000,0.0000,0.0000,0.0000,0.0000,78.48,25.84,40,-12.020,1,580.9
5397.794,-0.0719,-0.0907,-0.0133,0.1786,-0.4729,-6.980,-9.565,0.960,-2.044,0.0000,0.0000,0.0000,0.0000,0.0000,0.0000,0.0000,0.0000,78.48,25.88,40,-11.320,1,580.9
5397.891,-0.0380,-0.0564,-0.0133,0.1843,-0.4814,-6.977,-9.570,0.985,-2.009,0.0000,0.0000,0.0000,0.0000,0.0000,0.0000,0.0000,0.0000,77.88,25.94,40,-11.190,1,575.7
5397.988,-0.0402,-0.0421,-0.0133,0.1786,-0.4871,-6.924,-9.859,-0.169,-2.223,0.0000,0.0000,0.0000,0.0000,0.0000,0.0000,0.0000,0.0000,77.88,25.99,40,-11.100,1,575.7
5398.086,-0.0341,-0.0277,-0.0200,0.1800,-0.5000,-6.987,-10.228,-0.323,-1.719,0.0000,0.0000,0.0000,0.0000,0.0000,0.0000,0.0000,0.0000,77.25,26.04,40,-10.580,1,570.5
5398.191,-0.0295,-0.0340,-0.0200,0.1800,-0.5029,-6.985,-10.425,0.714,-1.469,0.0000,0.0000,0.0000,0.0000,0.0000,0.0000,0.0000,0.0000,77.25,26.07,40,-10.460,1,570.5
5398.284,-0.0415,-0.0174,-0.0200,0.1786,-0.5100,-6.865,-10.585,1.470,-1.044,0.0000,0.0000,0.0000,0.0000,0.0000,0.0000,0.0000,0.0000,76.57,26.18,40,-10.390,1,565.3
5398.387,-0.0207,-0.0282,-0.0200,0.1786,-0.5071,-6.795,-10.654,1.201,-0.574,0.0000,0.0000,0.0000,0.0000,0.0000,0.0000,0.0000,0.0000,76.57,26.18,40,-10.400,1,565.3
5398.484,-0.0129,-0.0738,-0.0133,0.1786,-0.5014,-6.730,-10.638,1.375,1.796,0.0000,0.0000,0.0000,0.0000,0.0000,0.0000,0.0000,0.0000,76.57,26.18,40,-10.290,1,565.3
5398.585,+0.0021,-0.0945,-0.0200,0.1786,-0.5014,-6.496,-10.145,0.746,1.940,0.0000,0.0000,0.0000,0.0000,0.0000,0.0000,0.0000,0.0000,75.85,26.36,40,-10.320,1,560.0
5398.689,+0.0095,-0.1355,-0.0200,0.1800,-0.4914,-6.411,-9.951,0.665,2.858,0.0000,0.0000,0.0000,0.0000,0.0000,0.0000,0.0000,0.0000,75.12,26.44,40,-10.770,1,554.6
5398.807,-0.0032,-0.1286,-0.0533,0.2057,-0.4714,-6.329,-9.732,1.157,2.295,0.0000,0.0000,0.0000,0.0000,0.0000,0.0000,0.0000,0.0000,75.12,26.54,39,-11.510,1,554.6
5398.913,+0.0023,-0.1769,-0.0533,0.2043,-0.4671,-6.267,-9.632,1.354,2.492,0.0000,0.0000,0.0000,0.0000,0.0000,0.0000,0.0000,0.0000,74.60,26.54,39,-11.570,1,550.6
5399.019,+0.0259,-0.1794,-0.0467,0.2043,-0.4529,-5.900,-9.165,3.906,3.090,0.0000,0.0000,0.0000,0.0000,0.0000,0.0000,0.0000,0.0000,74.60,26.70,39,-11.860,1,550.6
5399.118,+0.0259,-0.2151,-0.0467,0.2029,-0.4543,-5.308,-9.047,5.392,-0.574,0.0000,0.0000,0.0000,0.0000,0.0000,0.0000,0.0000,0.0000,73.79,26.75,39,-12.080,1,543.8
5399.215,+0.0329,-0.1809,-0.0400,0.2029,-0.4514,-4.748,-9.257,6.483,-2.019,0.0000,0.0000,0.0000,0.0000,0.0000,0.0000,0.0000,0.0000,73.79,26.79,39,-12.380,1,543.8
5399.320,+0.0180,-0.1519,-0.0400,0.2014,-0.4443,-4.011,-9.383,8.021,-0.200,0.0000,0.0000,0.0000,0.0000,0.0000,0.0000,0.0000,0.0000,73.17,26.83,39,-12.270,1,538.3
5399.423,+0.0104,-0.1346,-0.0400,0.2000,-0.4457,-4.011,-9.383,8.021,-0.200,0.0000,0.0000,0.0000,0.0000,0.0000,0.0000,0.0000,0.0000,73.17,26.83,39,-12.270,1,538.3
5399.524,+0.0203,-0.1305,-0.0333,0.1957,-0.4443,-3.259,-9.391,7.520,0.454,0.0000,0.0000,0.0000,0.0000,0.0000,0.0000,0.0000,0.0000,72.56,26.87,39,-12.000,1,533.0
5399.629,+0.0415,-0.0928,-0.0267,0.1929,-0.4500,-2.860,-9.406,6.862,-0.493,0.0000,0.0000,0.0000,0.0000,0.0000,0.0000,0.0000,0.0000,72.56,26.89,39,-11.690,1,533.0
5399.720,+0.0295,-0.0952,-0.0267,0.1914,-0.4571,-1.718,-9.799,5.659,-1.510,0.0000,0.0000,0.0000,0.0000,0.0000,0.0000,0.0000,0.0000,72.08,26.93,39,-11.580,1,528.8
5399.824,+0.0305,-0.0743,-0.0200,0.1871,-0.4643,-0.849,-10.014,5.356,-1.127,0.0000,0.0000,0.0000,0.0000,0.0000,0.0000,0.0000,0.0000,72.08,27.02,39,-11.150,1,528.8
5399.918,+0.0229,-0.0774,-0.0200,0.1857,-0.4657,-0.621,-10.073,4.673,-0.806,0.0000,0.0000,0.0000,0.0000,0.0000,0.0000,0.0000,0.0000,71.26,27.02,39,-11.140,1,522.0
5400.020,+0.0130,-0.0723,-0.0200,0.1843,-0.4671,-0.184,-10.143,4.373,0.288,0.0000,0.0000,0.0000,0.0000,0.0000,0.0000,0.0000,0.0000,71.26,27.06,39,-10.920,1,522.0
5400.112,+0.0208,-0.0619,-0.0133,0.1814,-0.4671,0.187,-10.105,3.271,0.633,0.0000,0.0000,0.0000,0.0000,0.0000,0.0000,0.0000,0.0000,70.57,27.12,39,-10.890,1,516.6
5400.219,+0.0208,-0.0926,-0.0133,0.1814,-0.4700,0.448,-10.107,2.063,-0.407,0.0000,0.0000,0.0000,0.0000,0.0000,0.0000,0.0000,0.0000,70.05,27.17,39,-10.800,1,512.4
5400.324,+0.0112,-0.0754,-0.0133,0.1800,-0.4686,0.677,-10.194,2.635,0.395,0.0000,0.0000,0.0000,0.0000,0.0000,0.0000,0.0000,0.0000,70.05,27.23,38,-11.000,1,512.4
5400.433,+0.0094,-0.0889,-0.0133,0.1800,-0.4686,0.677,-10.194,2.635,0.395,0.0000,0.0000,0.0000,0.0000,0.0000,0.0000,0.0000,0.0000,70.05,27.23,38,-11.000,1,512.4
5400.531,+0.0066,-0.1068,-0.0133,0.1786,-0.4643,0.795,-10.160,2.857,1.405,0.0000,0.0000,0.0000,0.0000,0.0000,0.0000,0.0000,0.0000,69.36,27.25,38,-10.970,1,507.0
5400.630,+0.0146,-0.1287,-0.0133,0.1786,-0.4614,1.240,-9.887,1.099,0.799,0.0000,0.0000,0.0000,0.0000,0.0000,0.0000,0.0000,0.0000,69.36,27.30,38,-11.030,1,507.0
5400.720,+0.0146,-0.1194,-0.0067,0.1771,-0.4571,1.256,-9.861,0.510,0.824,0.0000,0.0000,0.0000,0.0000,0.0000,0.0000,0.0000,0.0000,68.50,27.39,38,-11.450,1,500.2
5400.829,+0.0053,-0.1367,-0.0067,0.1771,-0.4514,1.293,-9.823,0.999,0.559,0.0000,0.0000,0.0000,0.0000,0.0000,0.0000,0.0000,0.0000,68.00,27.43,38,-11.480,1,496.2
5400.928,-0.0078,-0.1291,-0.0067,0.1771,-0.4514,1.365,-9.793,1.140,0.654,0.0000,0.0000,0.0000,0.0000,0.0000,0.0000,0.0000,0.0000,68.00,27.43,38,-11.510,1,496.2
5401.025,-0.0121,-0.1330,-0.0067,0.1757,-0.4471,1.471,-9.712,0.816,0.854,0.0000,0.0000,0.0000,0.0000,0.0000,0.0000,0.0000,0.0000,68.00,27.48,38,-11.570,1,496.2
5401.140,-0.0048,-0.1344,0.0000,0.1729,-0.4443,1.476,-9.691,0.228,0.569,0.0000,0.0000,0.0000,0.0000,0.0000,0.0000,0.0000,0.0000,67.17,27.54,38,-11.580,1,489.3
5401.238,-0.0081,-0.1403,-0.0067,0.1757,-0.4414,1.434,-9.654,-0.268,0.820,0.0000,0.0000,0.0000,0.0000,0.0000,0.0000,0.0000,0.0000,66.68,27.57,37,-11.590,1,485.2
5401.332,-0.0210,-0.1446,-0.0067,0.1757,-0.4414,1.372,-9.590,0.158,-0.128,0.0000,0.0000,0.0000,0.0000,0.0000,0.0000,0.0000,0.0000,66.68,27.60,37,-11.650,1,485.2
5401.431,-0.0143,-0.1296,-0.0067,0.1757,-0.4414,1.372,-9.590,0.158,-0.128,0.0000,0.0000,0.0000,0.0000,0.0000,0.0000,0.0000,0.0000,66.68,27.60,37,-11.650,1,485.2
5401.527,-0.0063,-0.1112,-0.0067,0.1757,-0.4443,1.321,-9.726,-0.544,-1.452,0.0000,0.0000,0.0000,0.0000,0.0000,0.0000,0.0000,0.0000,65.87,27.64,37,-11.690,1,478.3
5401.620,-0.0168,-0.1072,-0.0067,0.1757,-0.4443,1.217,-9.873,-0.679,-0.794,0.0000,0.0000,0.0000,0.0000,0.0000,0.0000,0.0000,0.0000,65.87,27.67,37,-11.570,1,478.3
5401.717,-0.0289,-0.0856,-0.0067,0.1757,-0.4443,1.081,-9.976,-0.592,-0.194,0.0000,0.0000,0.0000,0.0000,0.0000,0.0000,0.0000,0.0000,65.38,27.70,37,-11.330,1,474.1
5401.815,-0.0328,-0.1148,0.0000,0.1743,-0.4457,0.946,-10.022,-0.613,-0.001,0.0000,0.0000,0.0000,0.0000,0.0000,0.0000,0.0000,0.0000,65.38,27.74,37,-11.140,1,474.1
5401.909,-0.0272,-0.0961,-0.0067,0.1757,-0.4471,0.899,-10.035,-0.685,-0.015,0.0000,0.0000,0.0000,0.0000,0.0000,0.0000,0.0000,0.0000,64.54,27.74,37,-11.080,1,467.3
5402.016,-0.0282,-0.0943,-0.0067,0.1757,-0.4471,0.792,-10.064,-0.848,-0.046,0.0000,0.0000,0.0000,0.0000,0.0000,0.0000,0.0000,0.0000,64.54,27.76,37,-11.200,1,467.3
5402.108,-0.0208,-0.1074,-0.0067,0.1757,-0.4471,0.656,-10.100,-1.332,-0.288,0.0000,0.0000,0.0000,0.0000,0.0000,0.0000,0.0000,0.0000,64.03,27.81,37,-11.140,1,463.2
5402.223,-0.0298,-0.0915,-0.0067,0.1757,-0.4471,0.495,-10.158,-1.251,-0.271,0.0000,0.0000,0.0000,0.0000,0.0000,0.0000,0.0000,0.0000,64.03,27.84,37,-11.210,1,463.2
5402.325,-0.0328,-0.1037,-0.0067,0.1771,-0.4457,0.266,-10.171,-1.178,0.398,0.0000,0.0000,0.0000,0.0000,0.0000,0.0000,0.0000,0.0000,63.34,27.89,37,-11.140,1,457.7
5402.425,-0.0450,-0.1037,-0.0067,0.1771,-0.4457,0.266,-10.171,-1.178,0.398,0.0000,0.0000,0.0000,0.0000,0.0000,0.0000,0.0000,0.0000,63.34,27.89,37,-11.140,1,457.7
5402.528,-0.0292,-0.1037,-0.0067,0.1771,-0.4457,0.119,-10.162,-1.253,0.261,0.0000,0.0000,0.0000,0.0000,0.0000,0.0000,0.0000,0.0000,62.47,27.91,37,-11.180,1,450.7
5402.619,-0.0399,-0.1037,-0.0067,0.1771,-0.4429,-0.037,-10.147,-0.210,0.326,0.0000,0.0000,0.0000,0.0000,0.0000,0.0000,0.0000,0.0000,62.47,27.94,37,-11.240,1,450.7
5402.729,-0.0312,-0.0374,-0.0067,0.1757,-0.4414,-0.125,-10.158,-0.049,0.201,0.0000,0.0000,0.0000,0.0000,0.0000,0.0000,0.0000,0.0000,61.93,28.00,37,-11.240,1,446.5
5402.857,-0.0230,-0.0595,-0.0067,0.1771,-0.4429,-0.156,-10.153,-0.016,0.340,0.0000,0.0000,0.0000,0.0000,0.0000,0.0000,0.0000,0.0000,61.05,28.03,36,-10.800,1,439.4
5402.950,-0.0185,-0.0626,-0.0067,0.1771,-0.4457,-0.171,-10.147,-0.026,0.366,0.0000,0.0000,0.0000,0.0000,0.0000,0.0000,0.0000,0.0000,61.05,28.05,37,-10.600,1,439.4
5403.044,-0.0271,-0.0778,-0.0067,0.1771,-0.4486,-0.202,-10.139,-0.060,0.050,0.0000,0.0000,0.0000,0.0000,0.0000,0.0000,0.0000,0.0000,60.35,28.08,36,-10.700,1,433.8
5403.145,-0.0171,-0.0778,-0.0067,0.1757,-0.4471,-0.240,-10.180,-0.181,-0.203,0.0000,0.0000,0.0000,0.0000,0.0000,0.0000,0.0000,0.0000,60.35,28.10,36,-10.840,1,433.8
5403.242,-0.0352,-0.0778,-0.0067,0.1771,-0.4457,-0.287,-10.212,-0.188,0.046,0.0000,0.0000,0.0000,0.0000,0.0000,0.0000,0.0000,0.0000,59.65,28.13,36,-10.920,1,428.2
5403.361,-0.0271,-0.0778,-0.0067,0.1757,-0.4443,-0.308,-10.219,-0.152,0.104,0.0000,0.0000,0.0000,0.0000,0.0000,0.0000,0.0000,0.0000,59.65,28.13,36,-10.930,1,428.2
5403.463,-0.0271,-0.0778,-0.0067,0.1757,-0.4443,-0.328,-10.225,-0.099,0.134,0.0000,0.0000,0.0000,0.0000,0.0000,0.0000,0.0000,0.0000,59.65,28.13,36,-10.930,1,428.2
5403.570,-0.0176,-0.0947,-0.0067,0.1771,-0.4429,-0.379,-10.227,-0.070,0.452,0.0000,0.0000,0.0000,0.0000,0.0000,0.0000,0.0000,0.0000,59.12,28.16,36,-10.930,1,424.1
5403.668,-0.0351,-0.0994,-0.0067,0.1771,-0.4400,-0.407,-10.184,0.063,0.787,0.0000,0.0000,0.0000,0.0000,0.0000,0.0000,0.0000,0.0000,58.41,28.21,36,-10.930,1,418.5
5403.764,-0.0271,-0.0852,-0.0067,0.1771,-0.4371,-0.452,-10.098,-0.040,0.630,0.0000,0.0000,0.0000,0.0000,0.0000,0.0000,0.0000,0.0000,58.41,28.25,36,-11.160,1,418.5
5403.871,-0.0271,-0.1021,-0.0067,0.1786,-0.4357,-0.467,-10.078,-0.065,0.667,0.0000,0.0000,0.0000,0.0000,0.0000,0.0000,0.0000,0.0000,57.71,28.26,36,-11.130,1,412.9
5403.977,-0.0271,-0.0719,-0.0067,0.1771,-0.4371,-0.497,-10.051,-0.074,0.132,0.0000,0.0000,0.0000,0.0000,0.0000,0.0000,0.0000,0.0000,57.71,28.29,36,-11.040,1,412.9
5404.079,-0.0271,-0.1026,-0.0067,0.1786,-0.4357,-0.549,-10.090,-0.015,0.131,0.0000,0.0000,0.0000,0.0000,0.0000,0.0000,0.0000,0.0000,57.00,28.30,36,-11.080,1,407.2
5404.182,-0.0271,-0.0715,-0.0067,0.1757,-0.4357,-0.563,-10.092,0.027,0.268,0.0000,0.0000,0.0000,0.0000,0.0000,0.0000,0.0000,0.0000,57.00,28.32,36,-11.080,1,407.2
5404.285,-0.0467,-0.1200,-0.0067,0.1771,-0.4343,-0.596,-10.081,0.045,0.315,0.0000,0.0000,0.0000,0.0000,0.0000,0.0000,0.0000,0.0000,56.30,28.36,36,-10.950,1,401.5
5404.397,-0.0221,-0.0764,-0.0067,0.1771,-0.4343,-0.607,-10.078,0.028,0.309,0.0000,0.0000,0.0000,0.0000,0.0000,0.0000,0.0000,0.0000,56.30,28.36,36,-10.900,1,401.5
5404.491,-0.0187,-0.0702,0.0000,0.1757,-0.4357,-0.629,-10.088,-0.010,-0.150,0.0000,0.0000,0.0000,0.0000,0.0000,0.0000,0.0000,0.0000,56.30,28.38,35,-11.270,1,401.5
5404.602,-0.0271,-0.0687,-0.0067,0.1771,-0.4343,-0.662,-10.158,-0.070,-0.437,0.0000,0.0000,0.0000,0.0000,0.0000,0.0000,0.0000,0.0000,55.42,28.40,35,-11.000,1,394.4
5404.709,-0.0271,-0.0815,-0.0067,0.1771,-0.4371,-0.709,-10.226,-0.337,-0.217,0.0000,0.0000,0.0000,0.0000,0.0000,0.0000,0.0000,0.0000,54.89,28.43,35,-10.840,1,390.1
5404.806,-0.0271,-0.0815,-0.0067,0.1771,-0.4371,-0.816,-10.319,-0.482,-0.264,0.0000,0.0000,0.0000,0.0000,0.0000,0.0000,0.0000,0.0000,54.89,28.44,35,-10.930,1,390.1
5404.907,-0.0172,-0.0815,-0.0067,0.1771,-0.4371,-0.854,-10.338,-0.528,-0.098,0.0000,0.0000,0.0000,0.0000,0.0000,0.0000,0.0000,0.0000,54.01,28.44,35,-10.950,1,383.1
5405.016,-0.0250,-0.0815,-0.0067,0.1771,-0.4371,-0.982,-10.385,-0.643,-0.104,0.0000,0.0000,0.0000,0.0000,0.0000,0.0000,0.0000,0.0000,54.01,28.46,35,-10.970,1,383.1
5405.127,-0.0343,-0.0486,-0.0067,0.1771,-0.4371,-1.032,-10.400,0.010,0.294,0.0000,0.0000,0.0000,0.0000,0.0000,0.0000,0.0000,0.0000,53.28,28.49,35,-10.970,1,377.4
5405.226,-0.0271,-0.0919,-0.0067,0.1771,-0.4371,-1.053,-10.391,0.057,0.408,0.0000,0.0000,0.0000,0.0000,0.0000,0.0000,0.0000,0.0000,52.54,28.51,35,-10.760,1,371.6
5405.321,-0.0271,-0.0778,-0.0067,0.1771,-0.4371,-1.069,-10.374,0.123,0.394,0.0000,0.0000,0.0000,0.0000,0.0000,0.0000,0.0000,0.0000,52.54,28.53,35,-10.960,1,371.6
5405.423,-0.0271,-0.0778,-0.0067,0.1771,-0.4371,-1.069,-10.374,0.123,0.394,0.0000,0.0000,0.0000,0.0000,0.0000,0.0000,0.0000,0.0000,52.54,28.53,35,-10.960,1,371.6
5405.526,-0.0271,-0.0778,-0.0067,0.1771,-0.4343,-1.080,-10.361,0.124,0.376,0.0000,0.0000,0.0000,0.0000,0.0000,0.0000,0.0000,0.0000,51.81,28.55,35,-10.980,1,366.0
5405.620,-0.0376,-0.0964,-0.0067,0.1771,-0.4343,-1.113,-10.326,0.024,0.556,0.0000,0.0000,0.0000,0.0000,0.0000,0.0000,0.0000,0.0000,51.81,28.56,35,-10.930,1,366.0
5405.726,-0.0196,-0.1155,0.0000,0.1757,-0.4329,-1.133,-10.291,0.093,0.545,0.0000,0.0000,0.0000,0.0000,0.0000,0.0000,0.0000,0.0000,51.08,28.60,35,-11.000,1,360.3
5405.820,-0.0480,-0.1075,-0.0067,0.1786,-0.4300,-1.140,-10.279,0.207,0.417,0.0000,0.0000,0.0000,0.0000,0.0000,0.0000,0.0000,0.0000,50.53,28.61,35,-11.270,1,355.9
5405.921,-0.0213,-0.0926,-0.0067,0.1771,-0.4286,-1.141,-10.271,0.294,0.413,0.0000,0.0000,0.0000,0.0000,0.0000,0.0000,0.0000,0.0000,50.53,28.61,35,-11.330,1,355.9
5406.014,-0.0292,-0.0738,-0.0067,0.1786,-0.4271,-1.177,-10.260,-0.339,0.164,0.0000,0.0000,0.0000,0.0000,0.0000,0.0000,0.0000,0.0000,50.53,28.63,34,-11.190,1,355.9
5406.128,-0.0201,-0.1050,-0.0067,0.1771,-0.4314,-1.262,-10.314,-0.465,-0.731,0.0000,0.0000,0.0000,0.0000,0.0000,0.0000,0.0000,0.0000,49.79,28.65,34,-10.950,1,350.1
5406.227,-0.0271,-0.0569,-0.0067,0.1786,-0.4329,-1.349,-10.432,-0.801,-0.942,0.0000,0.0000,0.0000,0.0000,0.0000,0.0000,0.0000,0.0000,48.89,28.66,34,-11.100,1,343.0
5406.325,-0.0271,-0.0852,-0.0067,0.1771,-0.4314,-1.490,-10.564,-0.569,-0.541,0.0000,0.0000,0.0000,0.0000,0.0000,0.0000,0.0000,0.0000,48.89,28.67,34,-10.920,1,343.0
5406.429,-0.0174,-0.0679,-0.0067,0.1771,-0.4314,-1.490,-10.564,-0.569,-0.541,0.0000,0.0000,0.0000,0.0000,0.0000,0.0000,0.0000,0.0000,48.89,28.67,34,-10.920,1,343.0
5406.526,-0.0250,-0.0815,-0.0067,0.1771,-0.4343,-1.522,-10.600,-0.302,-0.457,0.0000,0.0000,0.0000,0.0000,0.0000,0.0000,0.0000,0.0000,48.16,28.68,34,-10.910,1,337.3
5406.633,-0.0250,-0.0646,-0.0067,0.1771,-0.4343,-1.528,-10.633,0.216,0.445,0.0000,0.0000,0.0000,0.0000,0.0000,0.0000,0.0000,0.0000,48.16,28.69,34,-10.920,1,337.3
5406.734,-0.0250,-0.0778,-0.0067,0.1771,-0.4343,-1.531,-10.609,0.139,0.488,0.0000,0.0000,0.0000,0.0000,0.0000,0.0000,0.0000,0.0000,47.42,28.72,34,-10.860,1,331.7
5406.839,-0.0250,-0.0778,-0.0067,0.1771,-0.4343,-1.539,-10.603,0.022,0.332,0.0000,0.0000,0.0000,0.0000,0.0000,0.0000,0.0000,0.0000,46.68,28.73,34,-10.840,1,326.1
5406.937,-0.0250,-0.0778,-0.0067,0.1771,-0.4343,-1.559,-10.598,0.036,0.301,0.0000,0.0000,0.0000,0.0000,0.0000,0.0000,0.0000,0.0000,46.68,28.73,34,-10.910,1,326.1
5407.036,-0.0250,-0.0957,0.0000,0.1757,-0.4329,-1.579,-10.578,0.160,0.513,0.0000,0.0000,0.0000,0.0000,0.0000,0.0000,0.0000,0.0000,46.68,28.77,34,-10.930,1,326.1
5407.134,-0.0250,-0.0815,0.0000,0.1771,-0.4314,-1.582,-10.560,0.213,0.637,0.0000,0.0000,0.0000,0.0000,0.0000,0.0000,0.0000,0.0000,45.92,28.78,34,-11.050,1,320.4
5407.234,-0.0250,-0.0815,0.0000,0.1757,-0.4300,-1.580,-10.523,0.251,0.588,0.0000,0.0000,0.0000,0.0000,0.0000,0.0000,0.0000,0.0000,45.34,28.79,34,-11.070,1,316.0
5407.329,-0.0250,-0.0999,0.0000,0.1771,-0.4286,-1.582,-10.477,0.025,0.533,0.0000,0.0000,0.0000,0.0000,0.0000,0.0000,0.0000,0.0000,45.34,28.81,34,-10.980,1,316.0
5407.425,-0.0250,-0.1036,0.0000,0.1771,-0.4286,-1.582,-10.477,0.025,0.533,0.0000,0.0000,0.0000,0.0000,0.0000,0.0000,0.0000,0.0000,45.34,28.81,34,-10.980,1,316.0
5407.529,-0.0250,-0.1061,0.0000,0.1771,-0.4286,-1.617,-10.468,-0.838,0.456,0.0000,0.0000,0.0000,0.0000,0.0000,0.0000,0.0000,0.0000,44.60,28.82,34,-11.100,1,310.3
5407.628,-0.0250,-0.0926,-0.0067,0.1771,-0.4257,-1.914,-10.473,-0.982,-0.140,0.0000,0.0000,0.0000,0.0000,0.0000,0.0000,0.0000,0.0000,44.60,28.84,34,-11.230,1,310.3
5407.719,-0.0250,-0.0926,-0.0067,0.1786,-0.4243,-2.034,-10.497,-0.953,0.129,0.0000,0.0000,0.0000,0.0000,0.0000,0.0000,0.0000,0.0000,43.67,28.86,33,-11.210,1,303.1
5407.825,-0.0823,-0.0587,-0.0067,0.1771,-0.4257,-2.109,-10.479,0.192,0.148,0.0000,0.0000,0.0000,0.0000,0.0000,0.0000,0.0000,0.0000,42.91,28.87,33,-11.110,1,297.2
5407.955,-0.0620,-0.0416,-0.0067,0.1786,-0.4271,-2.108,-10.502,0.143,-0.392,0.0000,0.0000,0.0000,0.0000,0.0000,0.0000,0.0000,0.0000,42.91,28.88,33,-11.110,1,297.2
5408.057,-0.0732,-0.0391,0.0000,0.1729,-0.4300,-2.116,-10.580,0.163,-0.461,0.0000,0.0000,0.0000,0.0000,0.0000,0.0000,0.0000,0.0000,42.16,28.89,33,-10.750,1,291.4
5408.155,-0.0500,-0.0667,0.0000,0.1729,-0.4329,-2.117,-10.634,0.273,-0.148,0.0000,0.0000,0.0000,0.0000,0.0000,0.0000,0.0000,0.0000,42.16,28.89,33,-10.480,1,291.4
5408.256,-0.0600,-0.0490,0.0000,0.1743,-0.4343,-2.156,-10.682,-0.796,-0.211,0.0000,0.0000,0.0000,0.0000,0.0000,0.0000,0.0000,0.0000,41.58,28.90,33,-10.650,1,287.1
5408.362,-0.0616,-0.0460,0.0000,0.1743,-0.4343,-2.208,-10.704,-0.863,-0.128,0.0000,0.0000,0.0000,0.0000,0.0000,0.0000,0.0000,0.0000,41.58,28.91,33,-10.690,1,287.1
5408.470,-0.0447,-0.0425,0.0000,0.1743,-0.4343,-2.261,-10.722,-0.894,-0.103,0.0000,0.0000,0.0000,0.0000,0.0000,0.0000,0.0000,0.0000,41.58,28.91,33,-10.630,1,287.1
5408.569,-0.0420,-0.0734,0.0000,0.1800,-0.4314,-2.407,-10.646,-0.942,1.391,0.0000,0.0000,0.0000,0.0000,0.0000,0.0000,0.0000,0.0000,40.81,28.93,33,-10.560,1,281.3
5408.675,-0.0404,-0.0763,0.0000,0.1757,-0.4329,-2.541,-10.558,-1.328,0.867,0.0000,0.0000,0.0000,0.0000,0.0000,0.0000,0.0000,0.0000,40.04,28.94,33,-10.510,1,275.5
5408.772,-0.0377,-0.0812,0.0000,0.1757,-0.4271,-2.762,-10.484,-1.139,0.947,0.0000,0.0000,0.0000,0.0000,0.0000,0.0000,0.0000,0.0000,40.04,28.95,33,-10.880,1,275.5
5408.867,-0.0458,-0.1035,-0.0067,0.1771,-0.4257,-2.886,-10.408,-0.825,0.913,0.0000,0.0000,0.0000,0.0000,0.0000,0.0000,0.0000,0.0000,39.28,28.97,33,-10.940,1,269.7
5408.969,-0.0458,-0.0917,0.0000,0.1771,-0.4229,-2.974,-10.348,-0.584,0.869,0.0000,0.0000,0.0000,0.0000,0.0000,0.0000,0.0000,0.0000,39.28,28.98,33,-11.050,1,269.7
5409.069,-0.0359,-0.0955,0.0000,0.1771,-0.4200,-3.082,-10.248,-0.510,1.196,0.0000,0.0000,0.0000,0.0000,0.0000,0.0000,0.0000,0.0000,38.36,28.99,33,-11.200,1,262.5
5409.167,-0.0437,-0.0995,-0.0067,0.1786,-0.4157,-3.112,-10.196,-0.504,1.343,0.0000,0.0000,0.0000,0.0000,0.0000,0.0000,0.0000,0.0000,38.36,28.99,33,-11.130,1,262.5
5409.276,-0.0250,-0.1186,0.0000,0.1771,-0.4171,-3.195,-10.114,-0.318,0.036,0.0000,0.0000,0.0000,0.0000,0.0000,0.0000,0.0000,0.0000,37.80,29.00,32,-11.170,1,258.1
5409.383,-0.0301,-0.1094,0.0000,0.1786,-0.4157,-3.222,-10.130,-0.638,-0.206,0.0000,0.0000,0.0000,0.0000,0.0000,0.0000,0.0000,0.0000,37.80,29.01,32,-11.180,1,258.1
5409.488,-0.0279,-0.0963,-0.0067,0.1800,-0.4171,-3.267,-10.173,-0.821,-0.840,0.0000,0.0000,0.0000,0.0000,0.0000,0.0000,0.0000,0.0000,37.80,29.01,32,-11.310,1,258.1
5409.578,-0.0354,-0.0963,-0.0067,0.1786,-0.4157,-3.377,-10.316,-0.097,-0.353,0.0000,0.0000,0.0000,0.0000,0.0000,0.0000,0.0000,0.0000,36.91,29.00,32,-11.320,1,250.9
5409.690,-0.0263,-0.0638,-0.0067,0.1786,-0.4157,-3.389,-10.342,0.034,-0.217,0.0000,0.0000,0.0000,0.0000,0.0000,0.0000,0.0000,0.0000,36.91,29.00,32,-11.180,1,250.9
5409.787,-0.0333,-0.0889,-0.0067,0.1771,-0.4200,-3.368,-10.449,0.277,-0.665,0.0000,0.0000,0.0000,0.0000,0.0000,0.0000,0.0000,0.0000,36.36,29.00,32,-10.930,1,246.6
5409.896,-0.0240,-0.0723,-0.0067,0.1786,-0.4243,-3.366,-10.546,0.023,-0.775,0.0000,0.0000,0.0000,0.0000,0.0000,0.0000,0.0000,0.0000,35.63,29.00,32,-10.790,1,240.9
5410.005,-0.0219,-0.0686,0.0000,0.1771,-0.4257,-3.384,-10.720,0.244,-0.856,0.0000,0.0000,0.0000,0.0000,0.0000,0.0000,0.0000,0.0000,35.63,29.00,32,-11.010,1,240.9
5410.108,-0.0292,-0.0467,-0.0067,0.1771,-0.4286,-3.366,-10.823,0.401,-0.760,0.0000,0.0000,0.0000,0.0000,0.0000,0.0000,0.0000,0.0000,34.70,29.00,32,-10.850,1,233.7
5410.201,-0.0186,-0.0364,0.0000,0.1829,-0.4286,-3.361,-10.937,-0.188,-1.049,0.0000,0.0000,0.0000,0.0000,0.0000,0.0000,0.0000,0.0000,34.70,29.00,32,-10.640,1,233.7
5410.314,-0.0271,-0.0506,-0.0067,0.1771,-0.4343,-3.402,-11.072,-0.448,-0.937,0.0000,0.0000,0.0000,0.0000,0.0000,0.0000,0.0000,0.0000,34.11,29.01,32,-10.500,1,229.4
5410.405,-0.0055,-0.0438,-0.0067,0.1771,-0.4371,-3.402,-11.072,-0.448,-0.937,0.0000,0.0000,0.0000,0.0000,0.0000,0.0000,0.0000,0.0000,34.11,29.01,32,-10.460,1,229.4
5410.504,-0.0229,-0.0413,0.0000,0.1757,-0.4329,-3.460,-11.102,-0.183,0.897,0.0000,0.0000,0.0000,0.0000,0.0000,0.0000,0.0000,0.0000,34.11,29.01,32,-10.560,1,229.4
5410.603,-0.0128,-0.0556,-0.0200,0.1871,-0.4329,-3.503,-11.026,-0.211,0.443,0.0000,0.0000,0.0000,0.0000,0.0000,0.0000,0.0000,0.0000,33.32,29.03,32,-10.530,1,223.6
5410.695,-0.0102,-0.0745,-0.0267,0.1900,-0.4329,-3.572,-11.030,-0.412,0.345,0.0000,0.0000,0.0000,0.0000,0.0000,0.0000,0.0000,0.0000,32.51,29.04,32,-10.590,1,217.9
5410.797,-0.0187,-0.0767,-0.0267,0.1929,-0.4300,-3.665,-10.906,0.067,0.978,0.0000,0.0000,0.0000,0.0000,0.0000,0.0000,0.0000,0.0000,32.51,29.06,32,-10.720,1,217.9
5410.893,+0.0332,-0.0630,-0.0267,0.1914,-0.4286,-3.665,-10.874,0.418,0.791,0.0000,0.0000,0.0000,0.0000,0.0000,0.0000,0.0000,0.0000,31.46,29.07,32,-10.870,1,210.4
5411.018,+0.0169,-0.0779,-0.0267,0.1914,-0.4257,-3.606,-10.793,1.094,1.205,0.0000,0.0000,0.0000,0.0000,0.0000,0.0000,0.0000,0.0000,31.46,29.08,32,-10.820,1,210.4
5411.119,+0.0177,-0.1018,-0.0267,0.1943,-0.4200,-3.374,-10.617,3.217,1.926,0.0000,0.0000,0.0000,0.0000,0.0000,0.0000,0.0000,0.0000,30.66,29.10,32,-10.820,1,204.5
5411.209,+0.0240,-0.1130,-0.0267,0.1929,-0.4243,-3.027,-10.597,3.620,-0.510,0.0000,0.0000,0.0000,0.0000,0.0000,0.0000,0.0000,0.0000,30.66,29.12,32,-11.080,1,204.5
5411.305,+0.0166,-0.0998,-0.0267,0.1986,-0.4214,-2.848,-10.652,3.983,-0.845,0.0000,0.0000,0.0000,0.0000,0.0000,0.0000,0.0000,0.0000,29.88,29.12,31,-11.260,1,198.7
5411.397,+0.0083,-0.0852,-0.0200,0.1914,-0.4200,-2.653,-10.693,4.417,-0.352,0.0000,0.0000,0.0000,0.0000,0.0000,0.0000,0.0000,0.0000,29.88,29.12,31,-11.310,1,198.7
5411.493,+0.0083,-0.1036,-0.0200,0.1900,-0.4186,-2.218,-10.709,4.770,0.357,0.0000,0.0000,0.0000,0.0000,0.0000,0.0000,0.0000,0.0000,29.88,29.12,31,-11.230,1,198.7
5411.591,+0.0185,-0.0889,-0.0200,0.1871,-0.4186,-1.773,-10.698,3.913,0.476,0.0000,0.0000,0.0000,0.0000,0.0000,0.0000,0.0000,0.0000,29.11,29.13,31,-11.060,1,192.9
5411.693,+0.0202,-0.0889,-0.0133,0.1857,-0.4200,-1.267,-10.721,3.337,-0.251,0.0000,0.0000,0.0000,0.0000,0.0000,0.0000,0.0000,0.0000,28.32,29.13,31,-11.210,1,186.9
5411.782,+0.0125,-0.0889,-0.0133,0.1857,-0.4200,-0.961,-10.772,3.366,-0.148,0.0000,0.0000,0.0000,0.0000,0.0000,0.0000,0.0000,0.0000,28.32,29.13,31,-11.070,1,186.9
5411.885,+0.0223,-0.0715,-0.0133,0.1843,-0.4214,-0.649,-10.803,3.286,-0.172,0.0000,0.0000,0.0000,0.0000,0.0000,0.0000,0.0000,0.0000,27.54,29.14,31,-11.060,1,181.2
5411.982,+0.0043,-0.0852,-0.0133,0.1829,-0.4229,-0.528,-10.838,2.230,-0.494,0.0000,0.0000,0.0000,0.0000,0.0000,0.0000,0.0000,0.0000,27.54,29.14,31,-11.060,1,181.2
5412.083,+0.0125,-0.0675,-0.0067,0.1814,-0.4243,-0.170,-10.919,1.785,0.227,0.0000,0.0000,0.0000,0.0000,0.0000,0.0000,0.0000,0.0000,26.76,29.14,31,-10.980,1,175.3
5412.188,+0.0125,-0.0815,-0.0067,0.1800,-0.4257,-0.100,-10.919,1.440,0.185,0.0000,0.0000,0.0000,0.0000,0.0000,0.0000,0.0000,0.0000,26.76,29.14,31,-10.890,1,175.3
5412.286,+0.0125,-0.0996,-0.0067,0.1800,-0.4257,0.009,-10.940,1.437,-0.060,0.0000,0.0000,0.0000,0.0000,0.0000,0.0000,0.0000,0.0000,25.95,29.15,31,-10.930,1,169.5
5412.390,+0.0125,-0.0852,-0.0067,0.1800,-0.4257,0.065,-10.957,1.368,-0.166,0.0000,0.0000,0.0000,0.0000,0.0000,0.0000,0.0000,0.0000,25.95,29.15,31,-10.950,1,169.5
5412.493,+0.0125,-0.0852,-0.0067,0.1800,-0.4257,0.110,-10.985,1.275,-0.387,0.0000,0.0000,0.0000,0.0000,0.0000,0.0000,0.0000,0.0000,25.95,29.15,31,-11.120,1,169.5
5412.591,+0.0023,-0.0852,-0.0067,0.1814,-0.4243,0.195,-11.020,0.861,0.319,0.0000,0.0000,0.0000,0.0000,0.0000,0.0000,0.0000,0.0000,25.35,29.16,31,-11.030,1,165.1
5412.697,+0.0104,-0.1022,-0.0067,0.1800,-0.4229,0.251,-10.952,0.264,0.624,0.0000,0.0000,0.0000,0.0000,0.0000,0.0000,0.0000,0.0000,24.36,29.16,31,-11.020,1,157.9
5412.799,+0.0104,-0.0889,-0.0067,0.1800,-0.4229,0.241,-10.931,0.225,0.372,0.0000,0.0000,0.0000,0.0000,0.0000,0.0000,0.0000,0.0000,24.36,29.17,31,-11.090,1,157.9
5412.895,+0.0104,-0.0706,-0.0067,0.1814,-0.4214,0.242,-10.916,0.564,0.444,0.0000,0.0000,0.0000,0.0000,0.0000,0.0000,0.0000,0.0000,23.75,29.17,31,-11.120,1,153.5
5413.030,+0.0104,-0.0993,-0.0067,0.1800,-0.4229,0.299,-10.892,0.665,0.164,0.0000,0.0000,0.0000,0.0000,0.0000,0.0000,0.0000,0.0000,23.75,29.19,31,-10.940,1,153.5
5413.126,+0.0104,-0.0889,-0.0067,0.1800,-0.4229,0.326,-10.905,0.406,0.149,0.0000,0.0000,0.0000,0.0000,0.0000,0.0000,0.0000,0.0000,22.75,29.19,31,-11.040,1,146.2
5413.234,+0.0104,-0.0889,-0.0067,0.1814,-0.4214,0.332,-10.909,0.354,0.236,0.0000,0.0000,0.0000,0.0000,0.0000,0.0000,0.0000,0.0000,21.96,29.19,30,-11.090,1,140.4
5413.333,+0.0003,-0.1249,-0.0067,0.1800,-0.4200,0.341,-10.909,0.512,0.237,0.0000,0.0000,0.0000,0.0000,0.0000,0.0000,0.0000,0.0000,21.96,29.20,30,-11.060,1,140.4
5413.430,-0.0019,-0.0963,-0.0067,0.1800,-0.4200,0.341,-10.909,0.512,0.237,0.0000,0.0000,0.0000,0.0000,0.0000,0.0000,0.0000,0.0000,21.96,29.20,30,-11.060,1,140.4
5413.533,-0.0035,-0.0963,-0.0067,0.1800,-0.4200,0.367,-10.910,0.638,0.253,0.0000,0.0000,0.0000,0.0000,0.0000,0.0000,0.0000,0.0000,21.14,29.20,30,-11.300,1,134.4
5413.626,-0.0065,-0.1152,-0.0067,0.1786,-0.4186,0.415,-10.930,0.504,0.051,0.0000,0.0000,0.0000,0.0000,0.0000,0.0000,0.0000,0.0000,21.14,29.20,30,-11.180,1,134.4
5413.725,-0.0080,-0.1179,-0.0067,0.1786,-0.4186,0.436,-10.945,0.571,0.141,0.0000,0.0000,0.0000,0.0000,0.0000,0.0000,0.0000,0.0000,20.35,29.21,30,-11.230,1,128.6
5413.828,+0.0000,-0.1037,-0.0067,0.1786,-0.4186,0.449,-10.950,0.594,0.157,0.0000,0.0000,0.0000,0.0000,0.0000,0.0000,0.0000,0.0000,19.75,29.21,30,-11.380,1,124.2
5413.923,+0.0000,-0.0851,-0.0067,0.1786,-0.4186,0.498,-10.986,0.612,-0.224,0.0000,0.0000,0.0000,0.0000,0.0000,0.0000,0.0000,0.0000,19.75,29.21,30,-11.290,1,124.2
5414.064,-0.0077,-0.1000,-0.0067,0.1786,-0.4186,0.518,-11.053,0.325,-0.112,0.0000,0.0000,0.0000,0.0000,0.0000,0.0000,0.0000,0.0000,18.76,29.21,30,-11.120,1,117.0
5414.161,-0.0226,-0.1000,-0.0067,0.1786,-0.4214,0.521,-11.088,0.442,-0.096,0.0000,0.0000,0.0000,0.0000,0.0000,0.0000,0.0000,0.0000,18.76,29.21,30,-11.150,1,117.0
5414.263,-0.0063,-0.1000,0.0000,0.1743,-0.4229,0.528,-11.105,0.537,-0.103,0.0000,0.0000,0.0000,0.0000,0.0000,0.0000,0.0000,0.0000,18.13,29.21,30,-11.190,1,112.5
5414.358,-0.0167,-0.1000,0.0000,0.1757,-0.4214,0.555,-11.139,0.649,0.006,0.0000,0.0000,0.0000,0.0000,0.0000,0.0000,0.0000,0.0000,18.13,29.22,30,-11.190,1,112.5
5414.457,-0.0184,-0.0820,0.0000,0.1757,-0.4214,0.555,-11.139,0.649,0.006,0.0000,0.0000,0.0000,0.0000,0.0000,0.0000,0.0000,0.0000,18.13,29.22,30,-11.190,1,112.5
5414.565,-0.0198,-0.1130,0.0000,0.1757,-0.4214,0.592,-11.157,0.386,0.124,0.0000,0.0000,0.0000,0.0000,0.0000,0.0000,0.0000,0.0000,17.12,29.22,30,-11.190,1,105.3
5414.672,-0.0220,-0.1168,0.0000,0.1757,-0.4243,0.595,-11.175,0.339,0.039,0.0000,0.0000,0.0000,0.0000,0.0000,0.0000,0.0000,0.0000,16.49,29.22,30,-11.010,1,100.8
5414.776,-0.0243,-0.1037,0.0000,0.1757,-0.4214,0.515,-11.235,-0.602,0.077,0.0000,0.0000,0.0000,0.0000,0.0000,0.0000,0.0000,0.0000,16.49,29.23,30,-11.360,1,100.8
5414.870,-0.0272,-0.1225,0.0000,0.1757,-0.4214,0.424,-11.236,-0.632,0.372,0.0000,0.0000,0.0000,0.0000,0.0000,0.0000,0.0000,0.0000,15.68,29.23,30,-11.340,1,95.1
5414.968,-0.0187,-0.0894,0.0000,0.1757,-0.4186,0.336,-11.192,-0.645,0.794,0.0000,0.0000,0.0000,0.0000,0.0000,0.0000,0.0000,0.0000,15.68,29.23,30,-11.330,1,95.1
5415.096,-0.0105,-0.1037,0.0000,0.1771,-0.4171,0.236,-11.149,-0.790,0.557,0.0000,0.0000,0.0000,0.0000,0.0000,0.0000,0.0000,0.0000,14.86,29.25,29,-11.240,1,89.3
5415.199,-0.0167,-0.1211,-0.0067,0.1786,-0.4186,0.074,-11.112,-0.723,0.527,0.0000,0.0000,0.0000,0.0000,0.0000,0.0000,0.0000,0.0000,14.86,29.25,29,-11.200,1,89.3
5415.300,-0.0266,-0.1251,0.0000,0.1771,-0.4171,-0.024,-11.080,-0.626,0.581,0.0000,0.0000,0.0000,0.0000,0.0000,0.0000,0.0000,0.0000,14.04,29.26,29,-11.350,1,83.5
5415.401,-0.0287,-0.1464,-0.0067,0.1786,-0.4186,-0.068,-11.072,-0.617,0.140,0.0000,0.0000,0.0000,0.0000,0.0000,0.0000,0.0000,0.0000,14.04,29.26,29,-11.400,1,83.5
5415.496,-0.0312,-0.1369,0.0000,0.1786,-0.4186,-0.165,-11.115,-0.769,-0.273,0.0000,0.0000,0.0000,0.0000,0.0000,0.0000,0.0000,0.0000,14.04,29.26,29,-11.470,1,83.5
5415.600,-0.0423,-0.1567,0.0000,0.1786,-0.4157,-0.224,-11.139,-0.801,-0.114,0.0000,0.0000,0.0000,0.0000,0.0000,0.0000,0.0000,0.0000,13.02,29.26,29,-11.700,1,76.2
5415.701,-0.0271,-0.1473,0.0000,0.1771,-0.4143,-0.425,-11.175,-0.677,0.071,0.0000,0.0000,0.0000,0.0000,0.0000,0.0000,0.0000,0.0000,12.41,29.26,29,-11.770,1,71.8
5415.802,-0.0271,-0.1509,-0.0067,0.1786,-0.4129,-0.520,-11.196,-0.713,-0.076,0.0000,0.0000,0.0000,0.0000,0.0000,0.0000,0.0000,0.0000,12.41,29.26,29,-11.790,1,71.8
5415.902,-0.0170,-0.1549,-0.0067,0.1786,-0.4129,-0.570,-11.219,-0.735,-0.340,0.0000,0.0000,0.0000,0.0000,0.0000,0.0000,0.0000,0.0000,11.58,29.26,29,-11.770,1,66.0
5416.000,-0.0453,-0.1407,-0.0067,0.1814,-0.4129,-0.748,-11.324,-0.422,-0.127,0.0000,0.0000,0.0000,0.0000,0.0000,0.0000,0.0000,0.0000,11.58,29.27,29,-11.840,1,66.0
5416.129,-0.0374,-0.1407,0.0000,0.1771,-0.4143,-0.748,-11.350,0.580,-0.241,0.0000,0.0000,0.0000,0.0000,0.0000,0.0000,0.0000,0.0000,10.56,29.27,29,-11.730,1,58.8
5416.239,-0.0406,-0.1407,0.0000,0.1786,-0.4157,-0.716,-11.469,0.405,-0.597,0.0000,0.0000,0.0000,0.0000,0.0000,0.0000,0.0000,0.0000,9.70,29.27,29,-11.690,1,52.7
5416.342,-0.0430,-0.1580,0.0000,0.1771,-0.4171,-0.709,-11.509,0.458,-0.470,0.0000,0.0000,0.0000,0.0000,0.0000,0.0000,0.0000,0.0000,9.70,29.27,29,-11.680,1,52.7
5416.443,-0.0354,-0.1622,0.0000,0.1771,-0.4171,-0.709,-11.509,0.458,-0.470,0.0000,0.0000,0.0000,0.0000,0.0000,0.0000,0.0000,0.0000,9.70,29.27,29,-11.680,1,52.7
5416.547,-0.0548,-0.1653,0.0000,0.1771,-0.4171,-0.722,-11.624,-0.335,-0.569,0.0000,0.0000,0.0000,0.0000,0.0000,0.0000,0.0000,0.0000,8.84,29.27,29,-11.830,1,46.9
5416.654,-0.0490,-0.1854,0.0000,0.1757,-0.4157,-0.841,-11.685,0.236,0.241,0.0000,0.0000,0.0000,0.0000,0.0000,0.0000,0.0000,0.0000,9.98,0.00,29,-11.950,1,41.5
5416.756,-0.0417,-0.1769,0.0000,0.1771,-0.4143,-0.920,-11.659,0.241,0.244,0.0000,0.0000,0.0000,0.0000,0.0000,0.0000,0.0000,0.0000,9.98,0.00,28,-12.150,1,41.5
5416.862,-0.0132,-0.1967,0.0000,0.1771,-0.4114,-1.020,-11.656,0.243,0.244,0.0000,0.0000,0.0000,0.0000,0.0000,0.0000,0.0000,0.0000,9.34,0.00,28,-12.150,1,37.2
5416.966,-0.0257,-0.2049,-0.0067,0.1800,-0.4114,-1.072,-11.661,0.241,0.242,0.0000,0.0000,0.0000,0.0000,0.0000,0.0000,0.0000,0.0000,9.34,0.00,28,-12.210,1,37.2
5417.068,-0.1120,-0.3001,-0.0067,0.1786,-0.4100,-1.298,-11.739,-0.752,-0.772,0.0000,0.0000,0.0000,0.0000,0.0000,0.0000,0.0000,0.0000,8.46,29.31,28,-12.440,1,31.3
5417.208,-0.0810,-0.3690,0.0000,0.1714,-0.4086,-1.349,-11.790,-0.744,-0.704,0.0000,0.0000,0.0000,0.0000,0.0000,0.0000,0.0000,0.0000,8.46,29.31,28,-13.080,1,31.3
5417.311,-0.1661,-0.3700,0.0000,0.1757,-0.4014,-1.439,-11.862,-0.642,-0.401,0.0000,0.0000,0.0000,0.0000,0.0000,0.0000,0.0000,0.0000,7.57,29.31,28,-13.770,1,25.4
5417.417,-0.1575,-0.4266,0.0000,0.1771,-0.3971,-1.468,-11.885,-0.183,-0.112,0.0000,0.0000,0.0000,0.0000,0.0000,0.0000,0.0000,0.0000,7.57,29.31,28,-14.140,1,25.4
5417.517,-0.0979,-0.5388,0.0067,0.1700,-0.3900,-1.480,-11.895,0.036,0.099,0.0000,0.0000,0.0000,0.0000,0.0000,0.0000,0.0000,0.0000,6.69,29.32,27,-14.380,1,19.6
5417.618,-0.1276,-0.6548,0.0067,0.1714,-0.3857,-1.556,-12.214,-0.298,-1.563,0.0000,0.0000,0.0000,0.0000,0.0000,0.0000,0.0000,0.0000,6.69,29.33,27,-15.020,1,19.6
5417.723,-0.1906,-0.7089,0.0000,0.1757,-0.3700,-1.601,-12.367,-0.006,-1.081,0.0000,0.0000,0.0000,0.0000,0.0000,0.0000,0.0000,0.0000,5.56,29.33,26,-16.800,1,12.3
5417.821,-0.1638,-0.6993,0.0133,0.1700,-0.3557,-1.705,-12.544,-0.994,-1.828,0.0000,0.0000,0.0000,0.0000,0.0000,0.0000,0.0000,0.0000,4.62,29.33,26,-18.120,1,6.5
5417.923,-0.1411,-0.6828,0.0133,0.1714,-0.3514,-1.760,-12.658,-0.844,-2.325,0.0000,0.0000,0.0000,0.0000,0.0000,0.0000,0.0000,0.0000,4.62,29.33,26,-18.330,1,6.5
5418.021,-0.2350,-0.6496,-0.0400,0.2757,0.2357,-3.483,-9.208,-66.317,209.730,0.0000,0.0000,0.0000,0.0000,0.0000,0.0000,0.0000,0.0000,4.62,29.34,26,-18.280,1,6.5
5418.123,-0.1443,-0.7708,0.0000,0.4543,1.1171,-7.600,15.095,-2.741,254.929,0.0000,0.0000,0.0000,0.0000,0.0000,0.0000,0.0000,0.0000,3.93,13.41,18,-17.920,1,1.2
5418.245,-0.1521,-0.7406,-0.0267,0.4586,1.1129,-19.210,45.450,40.258,184.703,0.0000,0.0000,0.0000,0.0000,0.0000,0.0000,0.0000,0.0000,5.27,13.44,18,-18.830,1,1.9
5418.350,-0.1329,-0.7165,-0.0733,0.4657,1.1057,-25.181,52.148,47.598,161.392,0.0000,0.0000,0.0000,0.0000,0.0000,0.0000,0.0000,0.0000,5.27,13.22,18,-18.960,1,1.9
5418.452,-0.1479,-0.6978,-0.0733,0.4657,1.1057,-25.181,52.148,47.598,161.392,0.0000,0.0000,0.0000,0.0000,0.0000,0.0000,0.0000,0.0000,5.27,13.22,18,-18.960,1,1.9
5418.551,-0.1379,-0.6525,-0.2000,0.4857,1.0857,-39.720,60.657,56.232,110.052,0.0000,0.0000,0.0000,0.0000,0.0000,0.0000,0.0000,0.0000,6.22,12.80,18,-18.900,1,4.4
5418.653,-0.1360,-0.6316,-0.3800,0.5143,1.0571,-53.406,65.413,55.748,15.715,0.0000,0.0000,0.0000,0.0000,0.0000,0.0000,0.0000,0.0000,6.22,12.53,18,-14.900,1,4.4
5418.747,-0.1332,-0.6217,-0.4200,0.5200,1.0514,-43.494,66.002,47.397,-27.666,0.0000,0.0000,0.0000,0.0000,0.0000,0.0000,0.0000,0.0000,6.78,11.27,18,-16.190,1,6.8
5418.851,-0.1417,-0.6175,-0.1400,0.4886,1.0829,-13.653,62.543,35.800,-70.507,0.0000,0.0000,0.0000,0.0000,0.0000,0.0000,0.0000,0.0000,6.93,10.81,18,-17.530,1,9.0
5418.958,-0.1322,-0.6444,0.1133,0.4543,1.1171,-3.293,59.116,34.505,-81.408,0.0000,0.0000,0.0000,0.0000,0.0000,0.0000,0.0000,0.0000,6.93,10.39,18,-17.450,1,9.0
5419.073,-0.1396,-0.6444,0.4600,0.3700,1.0843,18.124,43.188,39.337,-103.885,0.0000,0.0000,0.0000,0.0000,0.0000,0.0000,0.0000,0.0000,6.79,10.21,18,-17.590,1,10.6
5419.172,-0.1396,-0.6444,0.8933,0.0214,0.7357,27.443,29.139,47.872,-107.923,0.0000,0.0000,0.0000,0.0000,0.0000,0.0000,0.0000,0.0000,6.79,9.74,18,-17.720,1,10.6
5419.287,-0.1396,-0.6444,1.0000,-0.3929,-0.0843,35.038,14.141,60.143,-105.892,0.0000,0.0000,0.0000,0.0000,0.0000,0.0000,0.0000,0.0000,6.28,9.44,18,-17.730,1,12.5
5419.384,-0.1907,-0.6081,1.0000,-0.5343,-0.5029,38.677,6.423,67.899,-102.259,0.0000,0.0000,0.0000,0.0000,0.0000,0.0000,0.0000,0.0000,6.28,9.44,18,-17.730,1,12.5
5419.480,-0.1708,-0.8216,1.0000,-0.3814,-0.9043,42.868,-2.488,77.577,-95.739,0.0000,0.0000,0.0000,0.0000,0.0000,0.0000,0.0000,0.0000,6.28,9.44,18,-17.730,1,12.5
5419.580,-0.1741,-0.7802,1.0000,-0.2943,-0.9914,46.926,-10.922,85.733,-88.000,0.0000,0.0000,0.0000,0.0000,0.0000,0.0000,0.0000,0.0000,5.42,9.30,18,-17.070,1,14.4
5419.676,-0.1790,-0.7697,1.0000,-0.2943,-0.9914,59.889,-36.366,107.269,-48.578,0.0000,0.0000,0.0000,0.0000,0.0000,0.0000,0.0000,0.0000,5.42,9.27,18,-12.540,1,14.4
5419.783,-0.1625,-0.7785,1.0000,-0.2943,-0.9914,70.262,-65.902,120.561,17.846,0.0000,0.0000,0.0000,0.0000,0.0000,0.0000,0.0000,0.0000,4.17,9.21,23,-8.440,1,16.3
5419.899,-0.1625,-0.7259,1.0000,-0.2943,-0.9914,67.104,-72.556,121.379,34.879,0.0000,0.0000,0.0000,0.0000,0.0000,0.0000,0.0000,0.0000,2.11,9.00,29,-9.720,1,18.6
5420.006,-0.1625,-0.7259,1.0000,-0.2943,-0.9914,12.041,-80.792,118.918,60.454,0.0000,0.0000,0.0000,0.0000,0.0000,0.0000,0.0000,0.0000,2.11,8.90,31,-19.120,1,18.6
5420.114,-0.1531,-0.7259,0.8333,0.3029,1.0171,-16.589,-26.654,134.642,429.081,0.0000,0.0000,0.0000,0.0000,0.0000,0.0000,0.0000,0.0000,0.56,3.23,18,-18.740,1,19.9
5420.211,-0.1604,-0.7259,0.3400,0.4286,1.1429,-14.144,-3.083,53.234,431.545,0.0000,0.0000,0.0000,0.0000,0.0000,0.0000,0.0000,0.0000,0.48,3.22,18,-18.710,1,20.7
5420.348,-0.1604,-0.7259,-0.8067,0.5814,0.9900,-10.078,41.522,-119.536,282.671,0.0000,0.0000,0.0000,0.0000,0.0000,0.0000,0.0000,0.0000,0.48,2.98,18,-18.710,1,20.7
5420.454,-0.1700,-0.7259,-0.8067,0.5814,0.9900,-10.078,41.522,-119.536,282.671,0.0000,0.0000,0.0000,0.0000,0.0000,0.0000,0.0000,0.0000,0.48,2.98,18,-18.710,1,20.7
5420.560,-0.1530,-0.7259,0.4000,0.4286,1.1429,36.304,44.059,-125.172,-15.636,0.0000,0.0000,0.0000,0.0000,0.0000,0.0000,0.0000,0.0000,0.54,2.31,18,-18.710,1,21.3
5420.666,-0.1604,-0.7089,0.8067,-0.1929,0.1814,41.918,3.371,-26.278,-118.443,0.0000,0.0000,0.0000,0.0000,0.0000,0.0000,0.0000,0.0000,0.33,2.21,18,-18.600,1,21.8
5420.771,-0.1604,-0.7222,0.2733,0.1514,0.4286,27.283,-2.633,-232.378,64.675,0.0000,0.0000,0.0000,0.0000,0.0000,0.0000,0.0000,0.0000,0.33,1.81,18,-18.560,1,21.8
5420.873,-0.1604,-0.7222,0.1333,0.2686,0.5571,2.827,-4.824,-153.581,9.368,0.0000,0.0000,0.0000,0.0000,0.0000,0.0000,0.0000,0.0000,0.30,1.54,18,-18.570,1,22.1
