timestamp_s,errorx,errory,aileron,elevator,rudder,roll_deg,pitch_deg,roll_rate_dps,pitch_rate_dps,pid_roll_desired,pid_roll_P,pid_roll_I,pid_roll_D,pid_pitch_desired,pid_pitch_P,pid_pitch_I,pid_pitch_D,alt_rel_m,groundspeed_ms,throttle_pct,nav_pitch_deg,target_locked,dist_m
76577.466,+0.0000,+0.0000,0.0067,0.2888,0.0063,0.838,6.239,-0.422,-0.157,0.0000,0.0000,0.0000,0.0000,0.0000,0.0000,0.0000,0.0000,58.91,29.13,44,6.280,0,699.5
76577.503,+0.0000,+0.0000,0.0067,0.2888,0.0063,0.838,6.239,-0.422,-0.157,0.0000,0.0000,0.0000,0.0000,0.0000,0.0000,0.0000,0.0000,58.91,29.13,44,6.280,0,699.5
76577.536,+0.0000,+0.0000,0.0067,0.2888,0.0063,0.826,6.240,-0.397,0.097,0.0000,0.0000,0.0000,0.0000,0.0000,0.0000,0.0000,0.0000,58.91,29.13,44,6.280,0,699.5
76577.570,+0.0000,+0.0000,0.0067,0.2888,0.0063,0.826,6.240,-0.397,0.097,0.0000,0.0000,0.0000,0.0000,0.0000,0.0000,0.0000,0.0000,58.91,29.13,44,6.280,0,699.5
76577.599,+0.0000,+0.0000,0.0067,0.2888,0.0063,0.826,6.240,-0.397,0.097,0.0000,0.0000,0.0000,0.0000,0.0000,0.0000,0.0000,0.0000,58.91,29.13,44,6.280,0,699.5
76577.631,+0.0000,+0.0000,0.0067,0.2888,0.0063,0.772,6.206,-0.376,-0.574,0.0000,0.0000,0.0000,0.0000,0.0000,0.0000,0.0000,0.0000,58.91,29.13,44,6.280,0,699.5
76577.663,+0.0000,+0.0000,0.0067,0.2888,0.0063,0.772,6.206,-0.376,-0.574,0.0000,0.0000,0.0000,0.0000,0.0000,0.0000,0.0000,0.0000,58.91,29.13,44,6.280,0,699.5
76577.699,+0.0000,+0.0000,0.0067,0.2888,0.0063,0.772,6.206,-0.376,-0.574,0.0000,0.0000,0.0000,0.0000,0.0000,0.0000,0.0000,0.0000,58.91,29.13,44,6.280,0,699.5
76577.739,+0.0000,+0.0000,0.0067,0.2888,0.0063,0.715,5.883,-0.475,-2.821,0.0000,0.0000,0.0000,0.0000,0.0000,0.0000,0.0000,0.0000,58.91,29.13,44,6.280,0,699.5
76578.020,+0.0000,+0.0000,0.0000,0.1462,0.0013,0.516,4.906,-0.648,-4.751,0.0000,0.0000,0.0000,0.0000,0.0000,0.0000,0.0000,0.0000,58.79,29.12,58,-0.820,0,688.4
76578.061,+0.0000,+0.0000,0.0000,0.1462,0.0013,0.500,4.783,-0.852,-6.886,0.0000,0.0000,0.0000,0.0000,0.0000,0.0000,0.0000,0.0000,58.79,29.12,44,-0.820,0,688.4
76578.098,+0.0000,+0.0000,0.0000,0.1462,0.0013,0.500,4.783,-0.852,-6.886,0.0000,0.0000,0.0000,0.0000,0.0000,0.0000,0.0000,0.0000,58.49,29.12,44,-0.820,0,676.6
76578.167,+0.0000,+0.0000,0.0000,0.1462,0.0013,0.374,3.813,-0.850,-5.961,0.0000,0.0000,0.0000,0.0000,0.0000,0.0000,0.0000,0.0000,58.49,29.08,44,-0.820,0,676.6
76578.211,+0.0000,+0.0000,0.0000,0.1462,0.0013,0.374,3.813,-0.850,-5.961,0.0000,0.0000,0.0000,0.0000,0.0000,0.0000,0.0000,0.0000,58.49,29.08,44,-0.820,0,676.6
76578.251,+0.0000,+0.0000,0.0000,0.1462,0.0013,0.374,3.813,-0.850,-5.961,0.0000,0.0000,0.0000,0.0000,0.0000,0.0000,0.0000,0.0000,58.49,29.08,44,-0.820,0,676.6
76578.287,+0.0000,+0.0000,0.0000,0.1462,0.0013,0.220,3.638,-0.316,-0.600,0.0000,0.0000,0.0000,0.0000,0.0000,0.0000,0.0000,0.0000,58.49,29.06,44,-0.820,0,676.6
76578.320,+0.0000,+0.0000,0.0067,0.1963,0.0037,0.220,3.638,-0.316,-0.600,0.0000,0.0000,0.0000,0.0000,0.0000,0.0000,0.0000,0.0000,58.49,29.06,44,-0.660,0,676.6
76578.353,+0.0000,+0.0000,0.0067,0.1963,0.0037,0.220,3.638,-0.316,-0.600,0.0000,0.0000,0.0000,0.0000,0.0000,0.0000,0.0000,0.0000,58.49,29.06,44,-0.660,0,676.6
76578.560,+0.0000,+0.0000,0.0067,0.1963,0.0037,0.156,2.849,-0.141,-3.730,0.0000,0.0000,0.0000,0.0000,0.0000,0.0000,0.0000,0.0000,57.84,29.03,54,-0.660,0,664.6
76578.597,+0.0000,+0.0000,0.0067,0.1963,0.0037,0.156,2.849,-0.141,-3.730,0.0000,0.0000,0.0000,0.0000,0.0000,0.0000,0.0000,0.0000,57.84,29.03,54,-0.660,0,664.6
76578.627,+0.0000,+0.0000,0.0067,0.1963,0.0037,0.156,2.849,-0.141,-3.730,0.0000,0.0000,0.0000,0.0000,0.0000,0.0000,0.0000,0.0000,57.84,29.03,54,-0.660,0,664.6
76578.655,+0.0000,+0.0000,0.0067,0.1963,0.0037,0.151,2.716,-0.117,-3.850,0.0000,0.0000,0.0000,0.0000,0.0000,0.0000,0.0000,0.0000,57.84,29.02,44,-0.660,0,664.6
76578.689,+0.0000,+0.0000,0.0067,0.1963,0.0037,0.151,2.716,-0.117,-3.850,0.0000,0.0000,0.0000,0.0000,0.0000,0.0000,0.0000,0.0000,57.84,29.02,44,-0.660,0,664.6
76578.721,+0.0000,+0.0000,0.0067,0.1963,0.0037,0.151,2.716,-0.117,-3.850,0.0000,0.0000,0.0000,0.0000,0.0000,0.0000,0.0000,0.0000,57.84,29.02,44,-0.660,0,664.6
76578.748,+0.0000,+0.0000,0.0067,0.1963,0.0037,0.134,2.436,-0.157,-3.061,0.0000,0.0000,0.0000,0.0000,0.0000,0.0000,0.0000,0.0000,57.05,29.01,44,-0.660,0,653.3
76578.779,+0.0000,+0.0000,0.0067,0.1963,0.0037,0.134,2.436,-0.157,-3.061,0.0000,0.0000,0.0000,0.0000,0.0000,0.0000,0.0000,0.0000,57.05,29.01,44,-0.660,0,653.3
76578.814,+0.0000,+0.0000,0.0067,0.1775,0.0050,0.134,2.436,-0.157,-3.061,0.0000,0.0000,0.0000,0.0000,0.0000,0.0000,0.0000,0.0000,57.05,29.01,44,-0.510,0,653.3
76580.042,+0.0000,+0.0000,0.0133,0.3463,0.0063,0.467,4.127,0.224,3.736,0.0000,0.0000,0.0000,0.0000,0.0000,0.0000,0.0000,0.0000,54.37,29.28,67,6.880,0,621.5
76580.082,+0.3875,+0.0833,0.0133,0.3463,0.0063,0.467,4.127,0.224,3.736,0.0000,0.0000,0.0000,0.0000,0.0000,0.0000,0.0000,0.0000,53.69,29.28,67,6.880,1,610.0
76580.119,+0.3875,+0.2833,0.0133,0.3463,0.0063,0.467,4.127,0.224,3.736,0.0000,0.0000,0.0000,0.0000,0.0000,0.0000,0.0000,0.0000,53.69,29.28,67,6.880,0,610.0
76580.158,+0.3875,+0.2833,0.0133,0.3463,0.0063,0.489,4.596,0.184,3.508,0.0000,0.0000,0.0000,0.0000,0.0000,0.0000,0.0000,0.0000,53.69,29.32,44,6.880,0,610.0
76580.200,+0.3875,+0.2833,0.0133,0.3463,0.0063,0.489,4.596,0.184,3.508,0.0000,0.0000,0.0000,0.0000,0.0000,0.0000,0.0000,0.0000,53.69,29.32,44,6.880,0,610.0
76580.239,+0.3875,+0.2833,0.0133,0.3463,0.0063,0.505,4.873,0.186,2.353,0.0000,0.0000,0.0000,0.0000,0.0000,0.0000,0.0000,0.0000,53.69,29.34,44,6.880,0,610.0
76580.279,+0.4095,-0.0731,0.0200,0.1588,0.0088,0.505,4.873,0.186,2.353,0.0000,0.0000,0.0000,0.0000,0.0000,0.0000,0.0000,0.0000,53.69,29.34,44,-0.160,1,610.0
76580.316,+0.4227,-0.1546,0.0200,0.1588,0.0088,0.505,4.873,0.186,2.353,0.0000,0.0000,0.0000,0.0000,0.0000,0.0000,0.0000,0.0000,53.69,29.34,44,-0.160,1,610.0
76580.354,+0.4251,-0.0234,0.0200,0.1588,0.0088,0.536,5.254,0.144,2.888,0.0000,0.0000,0.0000,0.0000,0.0000,0.0000,0.0000,0.0000,53.69,29.35,44,-0.160,1,610.0
76580.391,+0.4000,-0.0649,0.0200,0.1588,0.0088,0.536,5.254,0.144,2.888,0.0000,0.0000,0.0000,0.0000,0.0000,0.0000,0.0000,0.0000,53.69,29.35,44,-0.160,1,610.0
76580.429,+0.4000,-0.0338,0.0200,0.1588,0.0088,0.536,5.254,0.144,2.888,0.0000,0.0000,0.0000,0.0000,0.0000,0.0000,0.0000,0.0000,53.28,29.35,44,-0.160,1,598.0
76580.466,+0.4000,-0.0746,0.0200,0.1588,0.0088,0.510,4.689,-0.149,-6.617,0.0000,0.0000,0.0000,0.0000,0.0000,0.0000,0.0000,0.0000,53.28,29.32,44,-0.160,1,598.0
76580.499,+0.4000,-0.0067,0.0200,0.1588,0.0088,0.510,4.689,-0.149,-6.617,0.0000,0.0000,0.0000,0.0000,0.0000,0.0000,0.0000,0.0000,53.28,29.32,44,-0.160,1,598.0
76580.532,+0.4000,+0.1933,0.0200,0.1588,0.0088,0.634,3.698,0.348,-6.573,0.0000,0.0000,0.0000,0.0000,0.0000,0.0000,0.0000,0.0000,53.28,29.27,44,-0.160,0,598.0
76580.568,+0.4162,+0.1877,0.0200,0.1588,0.0088,0.634,3.698,0.348,-6.573,0.0000,0.0000,0.0000,0.0000,0.0000,0.0000,0.0000,0.0000,53.28,29.27,44,-0.160,1,598.0
76580.601,+0.4025,+0.0647,0.0200,0.1588,0.0088,0.634,3.698,0.348,-6.573,0.0000,0.0000,0.0000,0.0000,0.0000,0.0000,0.0000,0.0000,53.28,29.27,44,-0.160,1,598.0
76580.636,+0.4025,+0.2647,0.0200,0.1588,0.0088,0.651,3.560,0.944,-6.861,0.0000,0.0000,0.0000,0.0000,0.0000,0.0000,0.0000,0.0000,53.28,29.26,44,-0.160,0,598.0
76580.669,+0.4025,+0.2647,0.0200,0.1588,0.0088,0.651,3.560,0.944,-6.861,0.0000,0.0000,0.0000,0.0000,0.0000,0.0000,0.0000,0.0000,53.28,29.26,44,-0.160,0,598.0
76580.698,+0.4025,+0.2647,0.0200,0.1588,0.0088,0.651,3.560,0.944,-6.861,0.0000,0.0000,0.0000,0.0000,0.0000,0.0000,0.0000,0.0000,53.28,29.26,44,-0.160,0,598.0
76580.727,+0.4025,+0.2647,0.0200,0.1588,0.0088,1.111,2.680,3.457,-5.845,0.0000,0.0000,0.0000,0.0000,0.0000,0.0000,0.0000,0.0000,53.28,29.26,44,-0.160,0,598.0
76580.755,+0.4025,+0.2647,0.0200,0.1588,0.0088,1.111,2.680,3.457,-5.845,0.0000,0.0000,0.0000,0.0000,0.0000,0.0000,0.0000,0.0000,52.86,29.21,44,-0.160,0,589.5
76580.788,+0.4177,+0.3608,0.0733,0.2225,0.0300,1.111,2.680,3.457,-5.845,0.0000,0.0000,0.0000,0.0000,0.0000,0.0000,0.0000,0.0000,52.86,29.21,44,-0.510,1,589.5
76580.820,+0.4177,+0.5608,0.0733,0.2225,0.0300,1.111,2.680,3.457,-5.845,0.0000,0.0000,0.0000,0.0000,0.0000,0.0000,0.0000,0.0000,52.86,29.21,44,-0.510,0,589.5
76580.848,+0.4177,+0.5608,0.0733,0.2225,0.0300,1.700,1.982,3.584,-3.681,0.0000,0.0000,0.0000,0.0000,0.0000,0.0000,0.0000,0.0000,52.86,29.16,44,-0.510,0,589.5
76580.883,+0.4177,+0.5608,0.0733,0.2225,0.0300,1.700,1.982,3.584,-3.681,0.0000,0.0000,0.0000,0.0000,0.0000,0.0000,0.0000,0.0000,52.86,29.16,44,-0.510,0,589.5
76580.914,+0.4177,+0.5608,0.0733,0.2225,0.0300,1.700,1.982,3.584,-3.681,0.0000,0.0000,0.0000,0.0000,0.0000,0.0000,0.0000,0.0000,52.86,29.16,44,-0.510,0,589.5
76580.947,+0.4177,+0.5608,0.0733,0.2225,0.0300,1.992,1.674,4.103,-3.789,0.0000,0.0000,0.0000,0.0000,0.0000,0.0000,0.0000,0.0000,52.86,29.15,44,-0.510,0,589.5
76580.983,+0.4177,+0.5608,0.0733,0.2225,0.0300,1.992,1.674,4.103,-3.789,0.0000,0.0000,0.0000,0.0000,0.0000,0.0000,0.0000,0.0000,52.86,29.15,44,-0.510,0,589.5
76581.017,+0.4177,+0.5608,0.0733,0.2225,0.0300,1.992,1.674,4.103,-3.789,0.0000,0.0000,0.0000,0.0000,0.0000,0.0000,0.0000,0.0000,52.86,29.15,44,-0.510,0,589.5
76581.048,+0.4177,+0.5608,0.0733,0.2225,0.0300,1.992,1.674,4.103,-3.789,0.0000,0.0000,0.0000,0.0000,0.0000,0.0000,0.0000,0.0000,52.86,29.15,44,-0.510,0,589.5
76581.083,+0.4177,+0.5608,0.0733,0.2225,0.0300,2.496,1.471,4.691,-1.191,0.0000,0.0000,0.0000,0.0000,0.0000,0.0000,0.0000,0.0000,52.86,29.13,44,-0.510,0,589.5
76581.913,+0.4177,+0.5608,-0.1067,0.3362,-0.0437,4.188,2.659,-10.383,1.992,0.0000,0.0000,0.0000,0.0000,0.0000,0.0000,0.0000,0.0000,50.14,29.18,67,6.190,0,558.2
76581.946,+0.4177,+0.5608,-0.1067,0.3362,-0.0437,2.659,3.049,-10.491,3.315,0.0000,0.0000,0.0000,0.0000,0.0000,0.0000,0.0000,0.0000,50.14,29.20,44,6.190,0,558.2
76581.979,+0.4177,+0.5608,-0.1067,0.3362,-0.0437,2.659,3.049,-10.491,3.315,0.0000,0.0000,0.0000,0.0000,0.0000,0.0000,0.0000,0.0000,50.14,29.20,44,6.190,0,558.2
76582.013,+0.4025,+0.1333,-0.1067,0.3362,-0.0437,2.659,3.049,-10.491,3.315,0.0000,0.0000,0.0000,0.0000,0.0000,0.0000,0.0000,0.0000,50.14,29.20,44,6.190,1,558.2
76582.046,+0.4025,+0.0503,-0.1067,0.3362,-0.0437,1.296,3.478,-10.459,3.232,0.0000,0.0000,0.0000,0.0000,0.0000,0.0000,0.0000,0.0000,50.14,29.23,44,6.190,1,558.2
76582.078,+0.3377,-0.0029,-0.1067,0.3362,-0.0437,1.296,3.478,-10.459,3.232,0.0000,0.0000,0.0000,0.0000,0.0000,0.0000,0.0000,0.0000,49.34,29.23,44,6.190,1,547.1
76582.113,+0.4269,+0.0381,-0.1067,0.3362,-0.0437,1.296,3.478,-10.459,3.232,0.0000,0.0000,0.0000,0.0000,0.0000,0.0000,0.0000,0.0000,49.34,29.23,44,6.190,1,547.1
76582.146,+0.3691,-0.0961,-0.1067,0.3362,-0.0437,0.379,3.838,-7.412,2.806,0.0000,0.0000,0.0000,0.0000,0.0000,0.0000,0.0000,0.0000,49.34,29.26,44,6.190,1,547.1
76582.184,+0.3699,-0.0538,-0.1067,0.3362,-0.0437,0.379,3.838,-7.412,2.806,0.0000,0.0000,0.0000,0.0000,0.0000,0.0000,0.0000,0.0000,49.34,29.26,44,6.190,1,547.1
76582.216,+0.3950,+0.0800,-0.1067,0.3362,-0.0437,0.379,3.838,-7.412,2.806,0.0000,0.0000,0.0000,0.0000,0.0000,0.0000,0.0000,0.0000,49.34,29.26,44,6.190,1,547.1
76582.249,+0.3639,-0.0861,-0.1067,0.3362,-0.0437,0.379,3.838,-7.412,2.806,0.0000,0.0000,0.0000,0.0000,0.0000,0.0000,0.0000,0.0000,49.34,29.26,44,6.190,1,547.1
76582.285,+0.3925,-0.0115,-0.1067,0.3362,-0.0437,-0.571,3.687,-7.482,-1.144,0.0000,0.0000,0.0000,0.0000,0.0000,0.0000,0.0000,0.0000,49.34,29.29,44,6.190,1,547.1
76582.319,+0.3925,+0.0600,0.0667,0.1913,0.0288,-0.571,3.687,-7.482,-1.144,0.0000,0.0000,0.0000,0.0000,0.0000,0.0000,0.0000,0.0000,49.34,29.29,44,-0.580,1,547.1
76582.352,+0.3615,+0.1013,0.0667,0.1913,0.0288,-0.457,3.455,0.153,-1.019,0.0000,0.0000,0.0000,0.0000,0.0000,0.0000,0.0000,0.0000,49.34,29.30,44,-0.580,1,547.1
76582.385,+0.4211,+0.0633,0.0667,0.1913,0.0288,-0.457,3.455,0.153,-1.019,0.0000,0.0000,0.0000,0.0000,0.0000,0.0000,0.0000,0.0000,49.34,29.30,44,-0.580,1,547.1
76582.419,+0.3616,+0.1458,0.0667,0.1913,0.0288,-0.457,3.455,0.153,-1.019,0.0000,0.0000,0.0000,0.0000,0.0000,0.0000,0.0000,0.0000,48.66,29.30,44,-0.580,1,534.9
76582.460,+0.3900,+0.1039,0.0667,0.1913,0.0288,-0.440,3.426,0.559,-0.661,0.0000,0.0000,0.0000,0.0000,0.0000,0.0000,0.0000,0.0000,48.66,29.30,44,-0.580,1,534.9
76582.494,+0.3590,+0.1147,0.0667,0.1913,0.0288,-0.440,3.426,0.559,-0.661,0.0000,0.0000,0.0000,0.0000,0.0000,0.0000,0.0000,0.0000,48.66,29.30,44,-0.580,1,534.9
76582.530,+0.3875,+0.0767,0.0667,0.1913,0.0288,-0.440,3.426,0.559,-0.661,0.0000,0.0000,0.0000,0.0000,0.0000,0.0000,0.0000,0.0000,48.66,29.30,44,-0.580,1,534.9
76582.563,+0.4193,+0.2039,0.0667,0.1913,0.0288,-0.362,2.696,0.419,-5.071,0.0000,0.0000,0.0000,0.0000,0.0000,0.0000,0.0000,0.0000,48.66,29.27,44,-0.580,1,534.9
76582.597,+0.4193,+0.4039,0.0667,0.1913,0.0288,-0.362,2.696,0.419,-5.071,0.0000,0.0000,0.0000,0.0000,0.0000,0.0000,0.0000,0.0000,48.66,29.27,44,-0.580,0,534.9
76582.631,+0.4229,+0.2843,0.0667,0.1913,0.0288,-0.315,2.099,0.285,-4.553,0.0000,0.0000,0.0000,0.0000,0.0000,0.0000,0.0000,0.0000,48.66,29.24,44,-0.580,1,534.9
76582.663,+0.4270,+0.2021,0.0667,0.1913,0.0288,-0.315,2.099,0.285,-4.553,0.0000,0.0000,0.0000,0.0000,0.0000,0.0000,0.0000,0.0000,48.66,29.24,44,-0.580,1,534.9
76582.693,+0.4314,+0.2589,0.0667,0.1913,0.0288,-0.315,2.099,0.285,-4.553,0.0000,0.0000,0.0000,0.0000,0.0000,0.0000,0.0000,0.0000,48.66,29.24,44,-0.580,1,534.9
76582.724,+0.4669,+0.2671,0.0667,0.1913,0.0288,0.467,1.583,6.511,-3.177,0.0000,0.0000,0.0000,0.0000,0.0000,0.0000,0.0000,0.0000,48.66,29.24,44,-0.580,1,534.9
76582.755,+0.4374,+0.2731,0.0667,0.1913,0.0288,0.467,1.583,6.511,-3.177,0.0000,0.0000,0.0000,0.0000,0.0000,0.0000,0.0000,0.0000,47.80,29.22,44,-0.580,1,523.0
76582.788,+0.3759,+0.3218,0.1067,0.2313,0.0437,0.467,1.583,6.511,-3.177,0.0000,0.0000,0.0000,0.0000,0.0000,0.0000,0.0000,0.0000,47.80,29.22,44,0.140,1,523.0
76582.817,+0.4050,+0.1667,0.1067,0.2313,0.0437,0.467,1.583,6.511,-3.177,0.0000,0.0000,0.0000,0.0000,0.0000,0.0000,0.0000,0.0000,47.80,29.22,44,0.140,1,523.0
76582.849,+0.4050,+0.4291,0.1067,0.2313,0.0437,1.489,1.414,8.599,-0.747,0.0000,0.0000,0.0000,0.0000,0.0000,0.0000,0.0000,0.0000,47.80,29.21,44,0.140,1,523.0
76582.884,+0.3756,+0.2651,0.1067,0.2313,0.0437,1.489,1.414,8.599,-0.747,0.0000,0.0000,0.0000,0.0000,0.0000,0.0000,0.0000,0.0000,47.80,29.21,44,0.140,1,523.0
76582.912,+0.3665,+0.2414,0.1067,0.2313,0.0437,1.489,1.414,8.599,-0.747,0.0000,0.0000,0.0000,0.0000,0.0000,0.0000,0.0000,0.0000,47.80,29.21,44,0.140,1,523.0
76582.946,+0.3689,+0.2381,0.1067,0.2313,0.0437,1.783,1.381,8.560,-0.852,0.0000,0.0000,0.0000,0.0000,0.0000,0.0000,0.0000,0.0000,47.80,29.21,44,0.140,1,523.0
76582.981,+0.3681,+0.2784,0.1067,0.2313,0.0437,1.783,1.381,8.560,-0.852,0.0000,0.0000,0.0000,0.0000,0.0000,0.0000,0.0000,0.0000,47.80,29.21,44,0.140,1,523.0
76583.013,+0.3634,+0.2488,0.1067,0.2313,0.0437,1.783,1.381,8.560,-0.852,0.0000,0.0000,0.0000,0.0000,0.0000,0.0000,0.0000,0.0000,47.80,29.21,44,0.140,1,523.0
76583.045,+0.3925,+0.3415,0.1067,0.2313,0.0437,2.962,1.242,9.376,-0.957,0.0000,0.0000,0.0000,0.0000,0.0000,0.0000,0.0000,0.0000,47.80,29.21,44,0.140,1,523.0
76583.083,+0.3649,+0.2935,0.1067,0.2313,0.0437,2.962,1.242,9.376,-0.957,0.0000,0.0000,0.0000,0.0000,0.0000,0.0000,0.0000,0.0000,46.84,29.21,44,0.140,1,512.9
76583.113,+0.3900,+0.2717,0.1067,0.2313,0.0437,2.962,1.242,9.376,-0.957,0.0000,0.0000,0.0000,0.0000,0.0000,0.0000,0.0000,0.0000,46.84,29.21,44,0.140,1,512.9
76583.147,+0.3900,+0.2705,0.1067,0.2313,0.0437,4.073,1.120,9.658,-0.924,0.0000,0.0000,0.0000,0.0000,0.0000,0.0000,0.0000,0.0000,46.84,29.21,44,0.140,1,512.9
76583.181,+0.3900,+0.2333,0.1067,0.2313,0.0437,4.073,1.120,9.658,-0.924,0.0000,0.0000,0.0000,0.0000,0.0000,0.0000,0.0000,0.0000,46.84,29.21,44,0.140,1,512.9
76583.212,+0.4232,+0.3218,0.1067,0.2313,0.0437,4.073,1.120,9.658,-0.924,0.0000,0.0000,0.0000,0.0000,0.0000,0.0000,0.0000,0.0000,46.84,29.21,44,0.140,1,512.9
76583.253,+0.3925,+0.2744,0.1067,0.2313,0.0437,4.906,1.014,8.221,-0.714,0.0000,0.0000,0.0000,0.0000,0.0000,0.0000,0.0000,0.0000,46.84,29.21,44,0.140,1,512.9
76583.280,+0.4292,+0.3412,0.0933,0.2525,0.0400,4.906,1.014,8.221,-0.714,0.0000,0.0000,0.0000,0.0000,0.0000,0.0000,0.0000,0.0000,46.84,29.21,44,0.880,1,512.9
76583.312,+0.3623,+0.2500,0.0933,0.2525,0.0400,4.906,1.014,8.221,-0.714,0.0000,0.0000,0.0000,0.0000,0.0000,0.0000,0.0000,0.0000,46.84,29.21,44,0.880,1,512.9
76583.345,+0.3925,+0.3740,0.0933,0.2525,0.0400,4.906,1.014,8.221,-0.714,0.0000,0.0000,0.0000,0.0000,0.0000,0.0000,0.0000,0.0000,46.84,29.21,44,0.880,1,512.9
76583.378,+0.3925,+0.3017,0.0933,0.2525,0.0400,6.062,0.938,7.170,-0.052,0.0000,0.0000,0.0000,0.0000,0.0000,0.0000,0.0000,0.0000,46.84,29.22,44,0.880,1,512.9
76583.412,+0.3616,+0.2633,0.0933,0.2525,0.0400,6.062,0.938,7.170,-0.052,0.0000,0.0000,0.0000,0.0000,0.0000,0.0000,0.0000,0.0000,45.90,29.22,44,0.880,1,503.5
76583.448,+0.3615,+0.3014,0.0933,0.2525,0.0400,6.817,0.929,7.254,0.203,0.0000,0.0000,0.0000,0.0000,0.0000,0.0000,0.0000,0.0000,45.90,29.23,44,0.880,1,503.5
76583.481,+0.3559,+0.3087,0.0933,0.2525,0.0400,6.817,0.929,7.254,0.203,0.0000,0.0000,0.0000,0.0000,0.0000,0.0000,0.0000,0.0000,45.90,29.23,44,0.880,1,503.5
76583.512,+0.3521,+0.3139,0.0933,0.2525,0.0400,6.817,0.929,7.254,0.203,0.0000,0.0000,0.0000,0.0000,0.0000,0.0000,0.0000,0.0000,45.90,29.23,44,0.880,1,503.5
76583.547,+0.3532,+0.2733,0.0933,0.2525,0.0400,6.956,0.927,7.812,0.282,0.0000,0.0000,0.0000,0.0000,0.0000,0.0000,0.0000,0.0000,45.90,29.23,44,0.880,1,503.5
76583.581,+0.3181,+0.3146,0.0933,0.2525,0.0400,6.956,0.927,7.812,0.282,0.0000,0.0000,0.0000,0.0000,0.0000,0.0000,0.0000,0.0000,45.90,29.23,44,0.880,1,503.5
76583.614,+0.3434,+0.2767,0.0933,0.2525,0.0400,6.956,0.927,7.812,0.282,0.0000,0.0000,0.0000,0.0000,0.0000,0.0000,0.0000,0.0000,45.90,29.23,44,0.880,1,503.5
76583.652,+0.3454,+0.2767,0.0933,0.2525,0.0400,6.956,0.927,7.812,0.282,0.0000,0.0000,0.0000,0.0000,0.0000,0.0000,0.0000,0.0000,45.90,29.23,44,0.880,1,503.5
76583.683,+0.3371,+0.3205,0.0933,0.2525,0.0400,6.956,0.927,7.812,0.282,0.0000,0.0000,0.0000,0.0000,0.0000,0.0000,0.0000,0.0000,45.90,29.23,44,0.880,1,503.5
76583.712,+0.2610,+0.3273,0.0933,0.2525,0.0400,6.956,0.927,7.812,0.282,0.0000,0.0000,0.0000,0.0000,0.0000,0.0000,0.0000,0.0000,45.90,29.23,44,0.880,1,503.5
76583.746,+0.2990,+0.3240,0.0933,0.2525,0.0400,6.956,0.927,7.812,0.282,0.0000,0.0000,0.0000,0.0000,0.0000,0.0000,0.0000,0.0000,45.90,29.23,44,0.880,1,503.5
76583.783,+0.3267,+0.2867,0.0933,0.2525,0.0400,6.956,0.927,7.812,0.282,0.0000,0.0000,0.0000,0.0000,0.0000,0.0000,0.0000,0.0000,45.90,29.23,44,0.880,1,503.5
76583.818,+0.3227,+0.2867,0.0933,0.2525,0.0400,10.026,1.025,7.301,0.979,0.0000,0.0000,0.0000,0.0000,0.0000,0.0000,0.0000,0.0000,44.31,29.23,44,1.720,1,487.8
76583.849,+0.3172,+0.2867,0.0667,0.2762,0.0262,10.026,1.025,7.301,0.979,0.0000,0.0000,0.0000,0.0000,0.0000,0.0000,0.0000,0.0000,44.31,29.23,44,1.720,1,487.8
76583.883,+0.3475,+0.2867,0.0667,0.2762,0.0262,10.026,1.025,7.301,0.979,0.0000,0.0000,0.0000,0.0000,0.0000,0.0000,0.0000,0.0000,44.31,29.27,44,1.720,1,487.8
76583.916,+0.2851,+0.2867,0.0667,0.2762,0.0262,10.026,1.025,7.301,0.979,0.0000,0.0000,0.0000,0.0000,0.0000,0.0000,0.0000,0.0000,44.31,29.27,44,1.720,1,487.8
76583.948,+0.2457,+0.2867,0.0667,0.2762,0.0262,10.026,1.025,7.301,0.979,0.0000,0.0000,0.0000,0.0000,0.0000,0.0000,0.0000,0.0000,44.31,29.27,44,1.720,1,487.8
76583.981,+0.3042,+0.2867,0.0667,0.2762,0.0262,10.026,1.025,7.301,0.979,0.0000,0.0000,0.0000,0.0000,0.0000,0.0000,0.0000,0.0000,44.31,29.27,44,1.720,1,487.8
76584.011,+0.2633,+0.2867,0.0667,0.2762,0.0262,10.026,1.025,7.301,0.979,0.0000,0.0000,0.0000,0.0000,0.0000,0.0000,0.0000,0.0000,44.31,29.27,44,1.720,1,487.8
76584.045,+0.2668,+0.2867,0.0667,0.2762,0.0262,10.026,1.025,7.301,0.979,0.0000,0.0000,0.0000,0.0000,0.0000,0.0000,0.0000,0.0000,44.31,29.28,44,1.720,1,487.8
76584.080,+0.1736,+0.2470,0.0600,0.2750,0.0250,11.543,1.171,6.753,1.615,0.0000,0.0000,0.0000,0.0000,0.0000,0.0000,0.0000,0.0000,43.62,29.28,44,1.660,1,480.8
76584.114,+0.2798,+0.2833,0.0600,0.2750,0.0250,11.543,1.171,6.753,1.615,0.0000,0.0000,0.0000,0.0000,0.0000,0.0000,0.0000,0.0000,43.62,29.28,44,1.660,1,480.8
76584.144,+0.2399,+0.2383,0.0600,0.2750,0.0250,11.543,1.171,6.753,1.615,0.0000,0.0000,0.0000,0.0000,0.0000,0.0000,0.0000,0.0000,43.62,29.29,44,1.660,1,480.8
76584.178,+0.2719,+0.2800,0.0600,0.2750,0.0250,11.543,1.171,6.753,1.615,0.0000,0.0000,0.0000,0.0000,0.0000,0.0000,0.0000,0.0000,43.62,29.29,44,1.660,1,480.8
76584.210,+0.2030,+0.2800,0.0600,0.2750,0.0250,11.543,1.171,6.753,1.615,0.0000,0.0000,0.0000,0.0000,0.0000,0.0000,0.0000,0.0000,43.62,29.29,44,1.660,1,480.8
76584.247,+0.2639,+0.2419,0.0600,0.2750,0.0250,11.543,1.171,6.753,1.615,0.0000,0.0000,0.0000,0.0000,0.0000,0.0000,0.0000,0.0000,43.62,29.29,44,1.660,1,480.8
76584.278,+0.2251,+0.2767,0.0600,0.2750,0.0250,11.543,1.171,6.753,1.615,0.0000,0.0000,0.0000,0.0000,0.0000,0.0000,0.0000,0.0000,43.62,29.29,44,1.660,1,480.8
76584.312,+0.2544,+0.2767,0.0600,0.2750,0.0250,11.543,1.171,6.753,1.615,0.0000,0.0000,0.0000,0.0000,0.0000,0.0000,0.0000,0.0000,43.62,29.29,44,1.660,1,480.8
76584.348,+0.1957,+0.2381,0.0133,0.2775,0.0075,13.288,1.383,4.598,1.531,0.0000,0.0000,0.0000,0.0000,0.0000,0.0000,0.0000,0.0000,42.79,29.29,44,1.760,1,471.9
76584.379,+0.2417,+0.2290,0.0133,0.2775,0.0075,13.288,1.383,4.598,1.531,0.0000,0.0000,0.0000,0.0000,0.0000,0.0000,0.0000,0.0000,42.79,29.29,44,1.760,1,471.9
76584.411,+0.2081,+0.2700,0.0133,0.2775,0.0075,13.288,1.383,4.598,1.531,0.0000,0.0000,0.0000,0.0000,0.0000,0.0000,0.0000,0.0000,42.79,29.29,44,1.760,1,471.9
76584.444,+0.2047,+0.2281,0.0133,0.2775,0.0075,13.288,1.383,4.598,1.531,0.0000,0.0000,0.0000,0.0000,0.0000,0.0000,0.0000,0.0000,42.79,29.29,44,1.760,1,471.9
76584.477,+0.1995,+0.2667,0.0133,0.2775,0.0075,13.288,1.383,4.598,1.531,0.0000,0.0000,0.0000,0.0000,0.0000,0.0000,0.0000,0.0000,42.79,29.29,44,1.760,1,471.9
76584.510,+0.1953,+0.2252,0.0133,0.2775,0.0075,13.288,1.383,4.598,1.531,0.0000,0.0000,0.0000,0.0000,0.0000,0.0000,0.0000,0.0000,42.79,29.29,44,1.760,1,471.9
76584.544,+0.2218,+0.2633,0.0133,0.2775,0.0075,13.288,1.383,4.598,1.531,0.0000,0.0000,0.0000,0.0000,0.0000,0.0000,0.0000,0.0000,42.79,29.29,44,1.760,1,471.9
76584.578,+0.1604,+0.2235,0.0000,0.2737,-0.0013,13.698,1.537,0.734,1.417,0.0000,0.0000,0.0000,0.0000,0.0000,0.0000,0.0000,0.0000,42.04,29.29,44,1.380,1,463.5
76584.611,+0.1793,+0.2178,0.0000,0.2737,-0.0013,13.698,1.537,0.734,1.417,0.0000,0.0000,0.0000,0.0000,0.0000,0.0000,0.0000,0.0000,42.04,29.29,44,1.380,1,463.5
76584.646,+0.1484,+0.2567,0.0000,0.2737,-0.0013,13.698,1.537,0.734,1.417,0.0000,0.0000,0.0000,0.0000,0.0000,0.0000,0.0000,0.0000,42.04,29.29,44,1.380,1,463.5
76584.676,+0.1964,+0.2118,0.0000,0.2737,-0.0013,13.698,1.537,0.734,1.417,0.0000,0.0000,0.0000,0.0000,0.0000,0.0000,0.0000,0.0000,42.04,29.29,44,1.380,1,463.5
76584.712,+0.1095,+0.2140,0.0000,0.2737,-0.0013,13.698,1.537,0.734,1.417,0.0000,0.0000,0.0000,0.0000,0.0000,0.0000,0.0000,0.0000,42.04,29.29,44,1.380,1,463.5
76584.743,+0.1517,+0.2061,0.0000,0.2737,-0.0013,13.698,1.537,0.734,1.417,0.0000,0.0000,0.0000,0.0000,0.0000,0.0000,0.0000,0.0000,42.04,29.29,44,1.380,1,463.5
76584.777,+0.1218,+0.2064,0.0000,0.2737,-0.0013,13.698,1.537,0.734,1.417,0.0000,0.0000,0.0000,0.0000,0.0000,0.0000,0.0000,0.0000,42.04,29.29,44,1.380,1,463.5
76584.811,+0.2050,+0.2433,0.0000,0.2737,-0.0013,13.487,1.656,-0.439,1.326,0.0000,0.0000,0.0000,0.0000,0.0000,0.0000,0.0000,0.0000,41.33,29.29,44,1.380,1,455.5
76584.858,+0.0904,+0.1822,-0.0200,0.2675,-0.0075,13.487,1.656,-0.439,1.326,0.0000,0.0000,0.0000,0.0000,0.0000,0.0000,0.0000,0.0000,41.33,29.28,44,1.270,1,455.5
76584.887,+0.1230,+0.2367,-0.0200,0.2675,-0.0075,13.487,1.656,-0.439,1.326,0.0000,0.0000,0.0000,0.0000,0.0000,0.0000,0.0000,0.0000,41.33,29.28,44,1.270,1,455.5
76584.917,+0.0834,+0.1904,-0.0200,0.2675,-0.0075,13.487,1.656,-0.439,1.326,0.0000,0.0000,0.0000,0.0000,0.0000,0.0000,0.0000,0.0000,41.33,29.28,44,1.270,1,455.5
76584.948,+0.0807,+0.1892,-0.0200,0.2675,-0.0075,13.487,1.656,-0.439,1.326,0.0000,0.0000,0.0000,0.0000,0.0000,0.0000,0.0000,0.0000,41.33,29.28,44,1.270,1,455.5
76584.980,+0.1080,+0.2300,-0.0200,0.2675,-0.0075,13.487,1.656,-0.439,1.326,0.0000,0.0000,0.0000,0.0000,0.0000,0.0000,0.0000,0.0000,41.33,29.28,44,1.270,1,455.5
76585.012,+0.1048,+0.1464,-0.0200,0.2675,-0.0075,13.487,1.656,-0.439,1.326,0.0000,0.0000,0.0000,0.0000,0.0000,0.0000,0.0000,0.0000,41.33,29.28,44,1.270,1,455.5
76585.054,+0.1114,+0.1892,-0.0200,0.2675,-0.0075,13.107,1.778,-1.400,1.315,0.0000,0.0000,0.0000,0.0000,0.0000,0.0000,0.0000,0.0000,40.74,29.27,44,1.270,1,448.6
76585.081,+0.0830,+0.1703,-0.0200,0.2537,-0.0088,13.107,1.778,-1.400,1.315,0.0000,0.0000,0.0000,0.0000,0.0000,0.0000,0.0000,0.0000,40.74,29.27,44,0.740,1,448.6
76585.114,+0.0589,+0.1751,-0.0200,0.2537,-0.0088,13.107,1.778,-1.400,1.315,0.0000,0.0000,0.0000,0.0000,0.0000,0.0000,0.0000,0.0000,40.74,29.27,44,0.740,1,448.6
76585.147,+0.0820,+0.2133,-0.0200,0.2537,-0.0088,13.107,1.778,-1.400,1.315,0.0000,0.0000,0.0000,0.0000,0.0000,0.0000,0.0000,0.0000,40.74,29.27,44,0.740,1,448.6
76585.181,+0.1098,+0.2133,-0.0200,0.2537,-0.0088,13.107,1.778,-1.400,1.315,0.0000,0.0000,0.0000,0.0000,0.0000,0.0000,0.0000,0.0000,40.74,29.27,44,0.740,1,448.6
76585.214,+0.0746,+0.1714,-0.0200,0.2537,-0.0088,13.107,1.778,-1.400,1.315,0.0000,0.0000,0.0000,0.0000,0.0000,0.0000,0.0000,0.0000,40.74,29.27,44,0.740,1,448.6
76585.253,+0.0785,+0.1740,-0.0200,0.2537,-0.0088,13.107,1.778,-1.400,1.315,0.0000,0.0000,0.0000,0.0000,0.0000,0.0000,0.0000,0.0000,40.74,29.26,44,0.740,1,448.6
76585.281,+0.0553,+0.2067,-0.0200,0.2537,-0.0088,13.107,1.778,-1.400,1.315,0.0000,0.0000,0.0000,0.0000,0.0000,0.0000,0.0000,0.0000,40.74,29.26,44,0.740,1,448.6
76585.313,+0.0258,+0.1637,-0.0200,0.2537,-0.0088,13.107,1.778,-1.400,1.315,0.0000,0.0000,0.0000,0.0000,0.0000,0.0000,0.0000,0.0000,40.74,29.26,44,0.740,1,448.6
76585.347,+0.0535,+0.2033,-0.0200,0.2587,-0.0088,12.368,1.790,-2.235,0.489,0.0000,0.0000,0.0000,0.0000,0.0000,0.0000,0.0000,0.0000,40.06,29.26,44,0.740,1,440.4
76585.377,+0.0099,+0.2033,-0.0200,0.2587,-0.0088,12.368,1.790,-2.235,0.489,0.0000,0.0000,0.0000,0.0000,0.0000,0.0000,0.0000,0.0000,40.06,29.26,44,0.740,1,440.4
76585.410,+0.0387,+0.1608,-0.0200,0.2587,-0.0088,12.368,1.790,-2.235,0.489,0.0000,0.0000,0.0000,0.0000,0.0000,0.0000,0.0000,0.0000,40.06,29.25,44,0.740,1,440.4
76585.444,+0.0975,+0.2402,-0.0200,0.2587,-0.0088,12.368,1.790,-2.235,0.489,0.0000,0.0000,0.0000,0.0000,0.0000,0.0000,0.0000,0.0000,40.06,29.25,44,0.740,1,440.4
76585.484,+0.0449,+0.2033,-0.0200,0.2587,-0.0088,12.368,1.790,-2.235,0.489,0.0000,0.0000,0.0000,0.0000,0.0000,0.0000,0.0000,0.0000,40.06,29.25,44,0.740,1,440.4
76585.512,-0.0171,+0.2033,-0.0200,0.2587,-0.0088,12.368,1.790,-2.235,0.489,0.0000,0.0000,0.0000,0.0000,0.0000,0.0000,0.0000,0.0000,40.06,29.25,44,0.740,1,440.4
76585.550,+0.0578,+0.1671,-0.2000,0.2625,-0.0825,11.731,1.673,-2.210,0.210,1.3469,107.7518,3.3713,-0.0000,6.1000,3.0000,120.2314,-0.0000,39.48,29.23,44,0.740,1,433.5
76585.588,+0.0268,+0.2000,-0.2000,0.2625,-0.0825,11.731,1.673,-2.210,0.210,1.3469,107.7518,3.3713,-0.0000,6.1000,3.0000,120.2314,-0.0000,39.48,29.23,44,0.740,1,433.5
76585.616,-0.0675,+0.1517,-0.2000,0.2625,-0.0825,11.731,1.673,-2.210,0.210,1.3469,107.7518,3.3713,-0.0000,6.1000,3.0000,120.2314,-0.0000,39.48,29.23,44,0.740,1,433.5
76585.651,+0.0083,+0.1967,-0.2000,0.2625,-0.0825,11.731,1.673,-2.210,0.210,1.3469,107.7518,3.3713,-0.0000,6.1000,3.0000,120.2314,-0.0000,39.48,29.23,44,0.740,1,433.5
76585.680,-0.0084,+0.1967,-0.2000,0.2625,-0.0825,11.731,1.673,-2.210,0.210,1.3469,107.7518,3.3713,-0.0000,6.1000,3.0000,120.2314,-0.0000,39.48,29.22,44,0.740,1,433.5
76585.711,-0.0089,+0.1524,-0.2000,0.2625,-0.0825,11.731,1.673,-2.210,0.210,1.3469,107.7518,3.3713,-0.0000,6.1000,3.0000,120.2314,-0.0000,39.48,29.22,44,0.740,1,433.5
76585.752,+0.0009,+0.2277,-0.2000,0.2625,-0.0825,11.731,1.673,-2.210,0.210,1.3469,107.7518,3.3713,-0.0000,6.1000,3.0000,120.2314,-0.0000,39.48,29.22,44,0.750,1,433.5
76585.778,+0.0475,+0.1967,-0.2000,0.2625,-0.0825,11.731,1.673,-2.210,0.210,1.3469,107.7518,3.3713,-0.0000,6.1000,3.0000,120.2314,-0.0000,39.48,29.22,44,0.750,1,433.5
76585.811,+0.0158,+0.1967,-0.2000,0.2625,-0.0825,11.731,1.673,-2.210,0.210,1.3469,107.7518,3.3713,-0.0000,6.1000,3.0000,120.2314,-0.0000,39.48,29.22,44,0.750,1,433.5
76585.852,+0.0194,+0.1625,-0.2000,0.2625,-0.0825,11.731,1.673,-2.210,0.210,1.3469,107.7518,3.3713,-0.0000,6.1000,3.0000,120.2314,-0.0000,39.48,29.22,44,0.750,1,433.5
76585.879,+0.0425,+0.2439,-0.2000,0.2625,-0.0825,8.011,1.701,-17.320,-0.051,1.3469,107.7518,3.3713,-0.0000,6.1000,3.0000,120.2314,-0.0000,40.76,29.22,44,0.750,1,424.9
76585.911,+0.0745,+0.1967,-0.2000,0.2625,-0.0825,8.011,1.701,-17.320,-0.051,1.3469,107.7518,3.3713,-0.0000,6.1000,3.0000,120.2314,-0.0000,40.76,29.22,44,0.750,1,424.9
76585.944,+0.0450,+0.1552,-0.2000,0.2625,-0.0825,8.011,1.701,-17.320,-0.051,1.3469,107.7518,3.3713,-0.0000,6.1000,3.0000,120.2314,-0.0000,40.76,29.21,44,0.750,1,424.9
76585.978,+0.0450,+0.1933,-0.2000,0.2625,-0.0825,8.011,1.701,-17.320,-0.051,1.3469,107.7518,3.3713,-0.0000,6.1000,3.0000,120.2314,-0.0000,40.76,29.21,44,0.750,1,424.9
76586.010,+0.0450,+0.1933,-0.2000,0.2625,-0.0825,8.011,1.701,-17.320,-0.051,1.3469,107.7518,3.3713,-0.0000,6.1000,3.0000,120.2314,-0.0000,40.76,29.21,44,0.750,1,424.9
76586.052,+0.0197,+0.1933,-0.2000,0.2625,-0.0825,8.011,1.701,-17.320,-0.051,1.3469,107.7518,3.3713,-0.0000,6.1000,3.0000,120.2314,-0.0000,40.76,29.21,44,0.750,1,424.9
76586.080,+0.0055,+0.1933,-0.2000,0.2625,-0.0825,3.102,1.658,-6.377,-0.201,1.3469,107.7518,3.3713,-0.0000,6.1000,3.0000,120.2314,-0.0000,40.01,29.21,44,0.750,1,416.4
76586.114,+0.0101,+0.1933,-0.2000,0.2625,-0.0825,3.102,1.658,-6.377,-0.201,1.3469,107.7518,3.3713,-0.0000,6.1000,3.0000,120.2314,-0.0000,40.01,29.21,44,0.750,1,416.4
76586.147,-0.0249,+0.1933,-0.2000,0.2625,-0.0825,3.102,1.658,-6.377,-0.201,1.3469,107.7518,3.3713,-0.0000,6.1000,3.0000,120.2314,-0.0000,40.01,29.21,44,0.750,1,416.4
76586.181,-0.2151,+0.2346,-0.2000,0.2625,-0.0825,3.102,1.658,-6.377,-0.201,1.3469,107.7518,3.3713,-0.0000,6.1000,3.0000,120.2314,-0.0000,40.01,29.21,44,0.750,1,416.4
76586.213,-0.0834,+0.1967,-0.2000,0.2625,-0.0825,3.102,1.658,-6.377,-0.201,1.3469,107.7518,3.3713,-0.0000,6.1000,3.0000,120.2314,-0.0000,40.01,29.21,44,0.750,1,416.4
76586.253,-0.1259,+0.1967,-0.2000,0.2625,-0.0825,3.102,1.658,-6.377,-0.201,1.3469,107.7518,3.3713,-0.0000,6.1000,3.0000,120.2314,-0.0000,40.01,29.21,44,0.750,1,416.4
76586.283,-0.0413,+0.1967,-0.2000,0.2625,-0.0825,3.102,1.658,-6.377,-0.201,1.3469,107.7518,3.3713,-0.0000,6.1000,3.0000,120.2314,-0.0000,40.01,29.21,44,0.750,1,416.4
76586.313,-0.1140,+0.1967,-0.2000,0.2625,-0.0825,3.102,1.658,-6.377,-0.201,1.3469,107.7518,3.3713,-0.0000,6.1000,3.0000,120.2314,-0.0000,40.01,29.21,44,0.750,1,416.4
76586.345,-0.0175,+0.2397,-0.2000,0.2625,-0.0825,3.102,1.658,-6.377,-0.201,1.3469,107.7518,3.3713,-0.0000,6.1000,3.0000,120.2314,-0.0000,40.01,29.21,44,0.750,1,416.4
76586.378,-0.0175,+0.2000,-0.0267,0.2475,-0.0125,3.102,1.658,-6.377,-0.201,1.3469,107.7518,3.3713,-0.0000,6.1000,3.0000,120.2314,-0.0000,40.01,29.21,44,1.080,1,416.4
76586.416,-0.0175,+0.2000,-0.0267,0.2475,-0.0125,2.256,1.609,-4.830,-0.374,1.3469,107.7518,3.3713,-0.0000,6.1000,3.0000,120.2314,-0.0000,39.56,29.21,44,1.080,1,411.3
76586.455,+0.0094,+0.2000,-0.0267,0.2475,-0.0125,2.256,1.609,-4.830,-0.374,1.3469,107.7518,3.3713,-0.0000,6.1000,3.0000,120.2314,-0.0000,39.56,29.21,44,1.080,1,411.3
76586.484,-0.0498,+0.2000,-0.0267,0.2475,-0.0125,2.256,1.609,-4.830,-0.374,1.3469,107.7518,3.3713,-0.0000,6.1000,3.0000,120.2314,-0.0000,39.56,29.21,44,1.080,1,411.3
76586.514,+0.0166,+0.2000,-0.0267,0.2475,-0.0125,2.256,1.609,-4.830,-0.374,1.3469,107.7518,3.3713,-0.0000,6.1000,3.0000,120.2314,-0.0000,39.56,29.21,44,1.080,1,411.3
76586.549,+0.0450,+0.2400,-0.0267,0.2475,-0.0125,2.256,1.609,-4.830,-0.374,1.3469,107.7518,3.3713,-0.0000,6.1000,3.0000,120.2314,-0.0000,39.56,29.20,44,1.080,1,411.3
76586.579,+0.0236,+0.2033,-0.0267,0.2475,-0.0125,2.256,1.609,-4.830,-0.374,1.3469,107.7518,3.3713,-0.0000,6.1000,3.0000,120.2314,-0.0000,39.56,29.20,44,1.080,1,411.3
76586.611,-0.0075,+0.2033,-0.0267,0.2475,-0.0125,1.221,1.500,-4.000,-0.361,1.3469,107.7518,3.3713,-0.0000,6.1000,3.0000,120.2314,-0.0000,39.56,29.20,44,1.080,1,411.3
76586.647,-0.0075,+0.2422,-0.0267,0.2475,-0.0125,1.221,1.500,-4.000,-0.361,1.3469,107.7518,3.3713,-0.0000,6.1000,3.0000,120.2314,-0.0000,38.66,29.20,44,1.080,1,401.2
76586.680,-0.0388,+0.2067,-0.0267,0.2475,-0.0125,1.221,1.500,-4.000,-0.361,1.3469,107.7518,3.3713,-0.0000,6.1000,3.0000,120.2314,-0.0000,38.66,29.20,44,1.080,1,401.2
76586.712,-0.0423,+0.2497,-0.0267,0.2475,-0.0125,1.221,1.500,-4.000,-0.361,1.3469,107.7518,3.3713,-0.0000,6.1000,3.0000,120.2314,-0.0000,38.66,29.20,44,1.080,1,401.2
76586.744,-0.0125,+0.2100,-0.0267,0.2475,-0.0125,1.221,1.500,-4.000,-0.361,1.3469,107.7518,3.3713,-0.0000,6.1000,3.0000,120.2314,-0.0000,38.66,29.20,44,1.080,1,401.2
76586.777,+0.0184,+0.2100,0.0333,0.2587,0.0163,1.221,1.500,-4.000,-0.361,1.3469,107.7518,3.3713,-0.0000,6.1000,3.0000,120.2314,-0.0000,38.66,29.20,44,1.620,1,401.2
76586.812,-0.0100,+0.2498,0.0333,0.2587,0.0163,1.221,1.500,-4.000,-0.361,1.3469,107.7518,3.3713,-0.0000,6.1000,3.0000,120.2314,-0.0000,38.66,29.20,44,1.620,1,401.2
76586.854,-0.0100,+0.2468,0.0333,0.2587,0.0163,-1.077,1.311,-2.079,-0.361,1.3469,107.7518,3.3713,-0.0000,6.1000,3.0000,120.2314,-0.0000,38.66,29.20,44,1.620,1,401.2
76586.881,+0.0272,+0.1670,0.0333,0.2587,0.0163,-1.077,1.311,-2.079,-0.361,1.3469,107.7518,3.3713,-0.0000,6.1000,3.0000,120.2314,-0.0000,38.66,29.20,44,1.620,1,401.2
76586.910,+0.0278,+0.2604,0.0333,0.2587,0.0163,-1.077,1.311,-2.079,-0.361,1.3469,107.7518,3.3713,-0.0000,6.1000,3.0000,120.2314,-0.0000,38.66,29.20,44,1.620,1,401.2
76586.945,+0.0249,+0.2167,0.0333,0.2587,0.0163,-0.054,1.283,8.612,-0.007,1.3469,107.7518,3.3713,-0.0000,6.1000,3.0000,120.2314,-0.0000,38.66,29.20,44,1.620,1,401.2
76586.978,-0.0025,+0.2167,0.0333,0.2587,0.0163,-0.054,1.283,8.612,-0.007,1.3469,107.7518,3.3713,-0.0000,6.1000,3.0000,120.2314,-0.0000,37.67,29.20,44,1.620,1,390.5
76587.013,-0.0321,+0.2167,0.0333,0.2587,0.0163,-0.054,1.283,8.612,-0.007,1.3469,107.7518,3.3713,-0.0000,6.1000,3.0000,120.2314,-0.0000,37.67,29.20,44,1.620,1,390.5
76587.046,-0.0365,+0.2167,0.0333,0.2587,0.0163,1.027,1.326,9.214,0.472,1.3469,107.7518,3.3713,-0.0000,6.1000,3.0000,120.2314,-0.0000,37.67,29.20,44,1.620,1,390.5
76587.078,-0.0397,+0.2167,0.0333,0.2587,0.0163,1.027,1.326,9.214,0.472,1.3469,107.7518,3.3713,-0.0000,6.1000,3.0000,120.2314,-0.0000,37.67,29.20,44,1.620,1,390.5
76587.110,-0.0418,+0.2167,0.0333,0.2587,0.0163,1.027,1.326,9.214,0.472,1.3469,107.7518,3.3713,-0.0000,6.1000,3.0000,120.2314,-0.0000,37.67,29.20,44,1.620,1,390.5
76587.145,-0.0425,+0.2167,0.0333,0.2587,0.0163,1.607,1.370,4.938,0.438,1.3469,107.7518,3.3713,-0.0000,6.1000,3.0000,120.2314,-0.0000,37.67,29.21,44,1.620,1,390.5
76587.181,-0.0437,+0.1784,0.0333,0.2587,0.0163,1.607,1.370,4.938,0.438,1.3469,107.7518,3.3713,-0.0000,6.1000,3.0000,120.2314,-0.0000,37.67,29.21,44,1.620,1,390.5
76587.213,-0.0175,+0.2133,0.0333,0.2587,0.0163,1.607,1.370,4.938,0.438,1.3469,107.7518,3.3713,-0.0000,6.1000,3.0000,120.2314,-0.0000,37.67,29.21,44,1.620,1,390.5
76587.252,-0.0175,+0.1779,0.0333,0.2587,0.0163,1.568,1.394,-0.839,0.450,1.3469,107.7518,3.3713,-0.0000,6.1000,3.0000,120.2314,-0.0000,37.67,29.21,44,1.620,1,390.5
76587.280,+0.0195,+0.2100,-0.0267,0.2537,-0.0112,1.568,1.394,-0.839,0.450,1.3469,107.7518,3.3713,-0.0000,6.1000,3.0000,120.2314,-0.0000,37.67,29.21,44,1.420,1,390.5
76587.310,+0.0185,+0.2100,-0.0267,0.2537,-0.0112,1.568,1.394,-0.839,0.450,1.3469,107.7518,3.3713,-0.0000,6.1000,3.0000,120.2314,-0.0000,37.67,29.21,44,1.420,1,390.5
76587.345,+0.0177,+0.2100,-0.0267,0.2537,-0.0112,1.568,1.394,-0.839,0.450,1.3469,107.7518,3.3713,-0.0000,6.1000,3.0000,120.2314,-0.0000,37.67,29.21,44,1.420,1,390.5
76587.380,+0.0189,+0.2100,-0.0267,0.2537,-0.0112,1.383,1.431,-4.374,0.473,1.3469,107.7518,3.3713,-0.0000,6.1000,3.0000,120.2314,-0.0000,37.67,29.22,44,1.420,1,390.5
76587.414,+0.0547,+0.1685,-0.0267,0.2537,-0.0112,1.383,1.431,-4.374,0.473,1.3469,107.7518,3.3713,-0.0000,6.1000,3.0000,120.2314,-0.0000,36.21,29.22,44,1.420,1,374.9
76587.454,+0.0238,+0.2067,-0.0267,0.2537,-0.0112,0.389,1.436,-5.604,-0.160,1.3469,107.7518,3.3713,-0.0000,6.1000,3.0000,120.2314,-0.0000,36.21,29.22,44,1.420,1,374.9
76587.485,+0.0653,+0.2067,-0.0267,0.2537,-0.0112,0.389,1.436,-5.604,-0.160,1.3469,107.7518,3.3713,-0.0000,6.1000,3.0000,120.2314,-0.0000,36.21,29.22,44,1.420,1,374.9
76587.515,+0.0050,+0.2067,-0.0267,0.2537,-0.0112,0.389,1.436,-5.604,-0.160,1.3469,107.7518,3.3713,-0.0000,6.1000,3.0000,120.2314,-0.0000,36.21,29.22,44,1.420,1,374.9
76587.548,+0.0050,+0.2067,-0.0267,0.2537,-0.0112,0.010,1.422,-5.523,-0.173,1.3469,107.7518,3.3713,-0.0000,6.1000,3.0000,120.2314,-0.0000,36.21,29.22,44,1.420,1,374.9
76587.580,+0.0370,+0.2067,-0.0267,0.2537,-0.0112,0.010,1.422,-5.523,-0.173,1.3469,107.7518,3.3713,-0.0000,6.1000,3.0000,120.2314,-0.0000,36.21,29.22,44,1.420,1,374.9
76587.611,-0.0259,+0.2067,-0.0267,0.2537,-0.0112,0.010,1.422,-5.523,-0.173,1.3469,107.7518,3.3713,-0.0000,6.1000,3.0000,120.2314,-0.0000,35.62,29.22,44,1.420,1,368.5
76587.653,-0.0204,+0.2067,-0.0267,0.2537,-0.0112,-0.651,1.406,-5.208,-0.109,1.3469,107.7518,3.3713,-0.0000,6.1000,3.0000,120.2314,-0.0000,35.62,29.22,44,1.420,1,368.5
76587.684,-0.0632,+0.2505,-0.0267,0.2537,-0.0112,-0.651,1.406,-5.208,-0.109,1.3469,107.7518,3.3713,-0.0000,6.1000,3.0000,120.2314,-0.0000,35.62,29.22,44,1.420,1,368.5
76587.712,-0.0385,+0.2100,-0.0267,0.2537,-0.0112,-0.651,1.406,-5.208,-0.109,1.3469,107.7518,3.3713,-0.0000,6.1000,3.0000,120.2314,-0.0000,35.62,29.22,44,1.420,1,368.5
76587.746,-0.0050,+0.2100,-0.0267,0.2537,-0.0112,-0.841,1.401,-5.197,-0.097,1.3469,107.7518,3.3713,-0.0000,6.1000,3.0000,120.2314,-0.0000,35.62,29.22,44,1.420,1,368.5
76587.782,-0.0342,+0.2100,-0.0267,0.2537,-0.0112,-0.841,1.401,-5.197,-0.097,1.3469,107.7518,3.3713,-0.0000,6.1000,3.0000,120.2314,-0.0000,35.62,29.22,44,1.410,1,368.5
76587.812,-0.0075,+0.2100,0.0067,0.2575,0.0050,-0.841,1.401,-5.197,-0.097,1.3469,107.7518,3.3713,-0.0000,6.1000,3.0000,120.2314,-0.0000,35.62,29.22,44,1.410,1,368.5
76587.855,-0.0075,+0.2100,0.0067,0.2575,0.0050,-0.410,1.395,3.043,0.089,1.3469,107.7518,3.3713,-0.0000,6.1000,3.0000,120.2314,-0.0000,35.62,29.22,44,1.410,1,368.5
76587.886,-0.0075,+0.2100,0.0067,0.2575,0.0050,-0.410,1.395,3.043,0.089,1.3469,107.7518,3.3713,-0.0000,6.1000,3.0000,120.2314,-0.0000,35.62,29.22,44,1.410,1,368.5
76587.913,-0.0075,+0.2100,0.0067,0.2575,0.0050,-0.410,1.395,3.043,0.089,1.3469,107.7518,3.3713,-0.0000,6.1000,3.0000,120.2314,-0.0000,35.62,29.22,44,1.410,1,368.5
76587.945,-0.0397,+0.2100,0.0067,0.2575,0.0050,0.265,1.405,4.761,0.127,1.3469,107.7518,3.3713,-0.0000,6.1000,3.0000,120.2314,-0.0000,35.62,29.23,44,1.410,1,368.5
76587.978,-0.0100,+0.2100,0.0067,0.2575,0.0050,0.265,1.405,4.761,0.127,1.3469,107.7518,3.3713,-0.0000,6.1000,3.0000,120.2314,-0.0000,34.80,29.23,44,1.410,1,359.7
76588.012,-0.0100,+0.2100,0.0067,0.2575,0.0050,0.265,1.405,4.761,0.127,1.3469,107.7518,3.3713,-0.0000,6.1000,3.0000,120.2314,-0.0000,34.80,29.23,44,1.410,1,359.7
76588.044,-0.0100,+0.2100,0.0067,0.2575,0.0050,0.404,1.415,1.510,0.109,1.3469,107.7518,3.3713,-0.0000,6.1000,3.0000,120.2314,-0.0000,34.80,29.23,44,1.410,1,359.7
76588.080,-0.0394,+0.1708,0.0067,0.2575,0.0050,0.404,1.415,1.510,0.109,1.3469,107.7518,3.3713,-0.0000,6.1000,3.0000,120.2314,-0.0000,34.80,29.23,44,1.410,1,359.7
76588.110,-0.0125,+0.2067,0.0067,0.2575,0.0050,0.404,1.415,1.510,0.109,1.3469,107.7518,3.3713,-0.0000,6.1000,3.0000,120.2314,-0.0000,34.80,29.23,44,1.410,1,359.7
76588.145,-0.0125,+0.2067,0.0067,0.2575,0.0050,-0.042,1.416,-3.093,0.128,1.3469,107.7518,3.3713,-0.0000,6.1000,3.0000,120.2314,-0.0000,34.80,29.23,44,1.410,1,359.7
76588.179,+0.0181,+0.2067,0.0067,0.2575,0.0050,-0.042,1.416,-3.093,0.128,1.3469,107.7518,3.3713,-0.0000,6.1000,3.0000,120.2314,-0.0000,34.80,29.23,44,1.410,1,359.7
76588.209,-0.0100,+0.2067,0.0067,0.2575,0.0050,-0.042,1.416,-3.093,0.128,1.3469,107.7518,3.3713,-0.0000,6.1000,3.0000,120.2314,-0.0000,34.80,29.23,44,1.410,1,359.7
76588.246,+0.0469,+0.2067,0.0067,0.2575,0.0050,-0.042,1.416,-3.093,0.128,1.3469,107.7518,3.3713,-0.0000,6.1000,3.0000,120.2314,-0.0000,34.80,29.23,44,1.410,1,359.7
76588.278,+0.0269,+0.2067,0.0067,0.2575,0.0050,-0.534,1.410,-3.232,0.132,1.3469,107.7518,3.3713,-0.0000,6.1000,3.0000,120.2314,-0.0000,34.80,29.24,44,1.410,1,359.7
76588.311,-0.0025,+0.2067,0.0067,0.2575,0.0050,-0.534,1.410,-3.232,0.132,1.3469,107.7518,3.3713,-0.0000,6.1000,3.0000,120.2314,-0.0000,33.78,29.24,44,1.410,1,348.6
76588.345,+0.0283,+0.2067,0.0067,0.2575,0.0050,-0.534,1.410,-3.232,0.132,1.3469,107.7518,3.3713,-0.0000,6.1000,3.0000,120.2314,-0.0000,33.78,29.24,44,1.420,1,348.6
76588.378,+0.0916,+0.2067,0.0533,0.2562,0.0213,-0.534,1.410,-3.232,0.132,1.3469,107.7518,3.3713,-0.0000,6.1000,3.0000,120.2314,-0.0000,33.78,29.24,44,1.420,1,348.6
76588.411,+0.0388,+0.2067,0.0533,0.2562,0.0213,-0.762,1.405,-2.058,0.053,1.3469,107.7518,3.3713,-0.0000,6.1000,3.0000,120.2314,-0.0000,33.78,29.24,44,1.420,1,348.6
76588.445,+0.0408,+0.2067,0.0533,0.2562,0.0213,-0.763,1.405,-0.923,0.042,1.3469,107.7518,3.3713,-0.0000,6.1000,3.0000,120.2314,-0.0000,33.78,29.24,44,1.420,1,348.6
76588.479,+0.0125,+0.2067,0.0533,0.2562,0.0213,-0.763,1.405,-0.923,0.042,1.3469,107.7518,3.3713,-0.0000,6.1000,3.0000,120.2314,-0.0000,33.78,29.24,44,1.420,1,348.6
76588.511,-0.0200,+0.2067,0.0533,0.2562,0.0213,-0.763,1.405,-0.923,0.042,1.3469,107.7518,3.3713,-0.0000,6.1000,3.0000,120.2314,-0.0000,33.78,29.24,44,1.420,1,348.6
76588.543,-0.0547,+0.2067,0.0533,0.2562,0.0213,-0.256,1.410,4.324,0.013,1.3469,107.7518,3.3713,-0.0000,6.1000,3.0000,120.2314,-0.0000,33.78,29.24,44,1.420,1,348.6
76588.579,-0.0240,+0.2067,0.0533,0.2562,0.0213,-0.256,1.410,4.324,0.013,1.3469,107.7518,3.3713,-0.0000,6.1000,3.0000,120.2314,-0.0000,33.78,29.24,44,1.420,1,348.6
76588.612,+0.0025,+0.2067,0.0533,0.2562,0.0213,-0.256,1.410,4.324,0.013,1.3469,107.7518,3.3713,-0.0000,6.1000,3.0000,120.2314,-0.0000,33.78,29.24,44,1.420,1,348.6
76588.644,-0.0290,+0.2067,0.0533,0.2562,0.0213,-0.256,1.410,4.324,0.013,1.3469,107.7518,3.3713,-0.0000,6.1000,3.0000,120.2314,-0.0000,32.66,29.24,44,1.420,1,336.5
76588.682,-0.0279,+0.2067,0.0533,0.2562,0.0213,0.268,1.414,4.381,0.097,1.3469,107.7518,3.3713,-0.0000,6.1000,3.0000,120.2314,-0.0000,32.66,29.24,44,1.420,1,336.5
76588.715,-0.0025,+0.2067,0.0533,0.2562,0.0213,0.268,1.414,4.381,0.097,1.3469,107.7518,3.3713,-0.0000,6.1000,3.0000,120.2314,-0.0000,32.66,29.24,44,1.420,1,336.5
76588.746,-0.0360,+0.2067,0.0533,0.2562,0.0213,0.331,1.417,3.243,0.124,1.3469,107.7518,3.3713,-0.0000,6.1000,3.0000,120.2314,-0.0000,32.66,29.24,44,1.450,1,336.5
76588.782,-0.0336,+0.2067,-0.0133,0.2550,-0.0050,0.331,1.417,3.243,0.124,1.3469,107.7518,3.3713,-0.0000,6.1000,3.0000,120.2314,-0.0000,32.66,29.24,44,1.450,1,336.5
76588.817,+0.0225,+0.2067,-0.0133,0.2550,-0.0050,0.331,1.417,3.243,0.124,1.3469,107.7518,3.3713,-0.0000,6.1000,3.0000,120.2314,-0.0000,32.66,29.24,44,1.450,1,336.5
76588.853,-0.0050,+0.1687,-0.0133,0.2550,-0.0050,0.327,1.423,-0.043,0.138,1.3469,107.7518,3.3713,-0.0000,6.1000,3.0000,120.2314,-0.0000,32.66,29.25,44,1.450,1,336.5
76588.884,+0.0608,+0.2033,-0.0133,0.2550,-0.0050,0.327,1.423,-0.043,0.138,1.3469,107.7518,3.3713,-0.0000,6.1000,3.0000,120.2314,-0.0000,32.66,29.25,44,1.450,1,336.5
76588.913,+0.0360,+0.2033,-0.0133,0.2550,-0.0050,0.327,1.423,-0.043,0.138,1.3469,107.7518,3.3713,-0.0000,6.1000,3.0000,120.2314,-0.0000,32.66,29.25,44,1.450,1,336.5
76588.946,+0.0654,+0.2033,-0.0133,0.2550,-0.0050,0.135,1.426,-1.683,0.154,1.3469,107.7518,3.3713,-0.0000,6.1000,3.0000,120.2314,-0.0000,32.66,29.25,44,1.450,1,336.5
76588.981,+0.0663,+0.2033,-0.0133,0.2550,-0.0050,0.135,1.426,-1.683,0.154,1.3469,107.7518,3.3713,-0.0000,6.1000,3.0000,120.2314,-0.0000,31.69,29.25,44,1.450,1,326.1
76589.014,+0.0441,+0.2033,-0.0133,0.2550,-0.0050,0.135,1.426,-1.683,0.154,1.3469,107.7518,3.3713,-0.0000,6.1000,3.0000,120.2314,-0.0000,31.69,29.25,44,1.450,1,326.1
76589.057,+0.0395,+0.2033,-0.0133,0.2550,-0.0050,-0.039,1.427,-1.509,0.077,1.3469,107.7518,3.3713,-0.0000,6.1000,3.0000,120.2314,-0.0000,31.69,29.25,44,1.450,1,326.1
76589.087,+0.0515,+0.2033,-0.0133,0.2550,-0.0050,-0.039,1.427,-1.509,0.077,1.3469,107.7518,3.3713,-0.0000,6.1000,3.0000,120.2314,-0.0000,31.69,29.25,44,1.450,1,326.1
76589.118,-0.0133,+0.2033,-0.0133,0.2550,-0.0050,-0.039,1.427,-1.509,0.077,1.3469,107.7518,3.3713,-0.0000,6.1000,3.0000,120.2314,-0.0000,31.69,29.25,44,1.450,1,326.1
76589.146,+0.0530,+0.2033,-0.0133,0.2550,-0.0050,-0.156,1.422,-0.736,-0.021,1.3469,107.7518,3.3713,-0.0000,6.1000,3.0000,120.2314,-0.0000,31.69,29.25,44,1.450,1,326.1
76589.180,-0.0111,+0.2033,-0.0133,0.2550,-0.0050,-0.156,1.422,-0.736,-0.021,1.3469,107.7518,3.3713,-0.0000,6.1000,3.0000,120.2314,-0.0000,31.69,29.25,44,1.450,1,326.1
76589.211,+0.0175,+0.2033,-0.0133,0.2550,-0.0050,-0.156,1.422,-0.736,-0.021,1.3469,107.7518,3.3713,-0.0000,6.1000,3.0000,120.2314,-0.0000,31.69,29.25,44,1.450,1,326.1
76589.251,-0.0088,+0.2033,-0.0133,0.2550,-0.0050,-0.156,1.422,-0.736,-0.021,1.3469,107.7518,3.3713,-0.0000,6.1000,3.0000,120.2314,-0.0000,31.69,29.25,44,1.450,1,326.1
76589.278,-0.0225,+0.2033,-0.0133,0.2550,-0.0050,-0.274,1.418,0.775,0.035,1.3469,107.7518,3.3713,-0.0000,6.1000,3.0000,120.2314,-0.0000,31.69,29.25,44,1.450,1,326.1
76589.314,-0.0169,+0.2033,-0.0133,0.2550,-0.0050,-0.274,1.418,0.775,0.035,1.3469,107.7518,3.3713,-0.0000,6.1000,3.0000,120.2314,-0.0000,30.59,29.25,44,1.450,1,314.1
76589.343,+0.0100,+0.2033,-0.0133,0.2550,-0.0050,-0.274,1.418,0.775,0.035,1.3469,107.7518,3.3713,-0.0000,6.1000,3.0000,120.2314,-0.0000,30.59,29.25,44,1.450,1,314.1
76589.376,-0.0208,+0.2033,0.0000,0.2550,0.0000,-0.274,1.418,0.775,0.035,1.3469,107.7518,3.3713,-0.0000,6.1000,3.0000,120.2314,-0.0000,30.59,29.25,44,1.430,1,314.1
76589.411,+0.0075,+0.2033,0.0000,0.2550,0.0000,0.031,1.426,2.562,0.131,1.3469,107.7518,3.3713,-0.0000,6.1000,3.0000,120.2314,-0.0000,30.59,29.25,44,1.430,1,314.1
76589.444,+0.0075,+0.2033,0.0000,0.2550,0.0000,0.172,1.431,2.322,0.169,1.3469,107.7518,3.3713,-0.0000,6.1000,3.0000,120.2314,-0.0000,30.59,29.25,44,1.430,1,314.1
76589.481,+0.0075,+0.2033,0.0000,0.2550,0.0000,0.172,1.431,2.322,0.169,1.3469,107.7518,3.3713,-0.0000,6.1000,3.0000,120.2314,-0.0000,30.59,29.25,44,1.430,1,314.1
76589.510,+0.0075,+0.1566,0.0000,0.2550,0.0000,0.172,1.431,2.322,0.169,1.3469,107.7518,3.3713,-0.0000,6.1000,3.0000,120.2314,-0.0000,30.59,29.25,44,1.430,1,314.1
76589.543,+0.0390,+0.2420,0.0000,0.2550,0.0000,0.333,1.434,1.726,0.129,1.3469,107.7518,3.3713,-0.0000,6.1000,3.0000,120.2314,-0.0000,30.59,29.26,44,1.430,1,314.1
76589.578,+0.0100,+0.2033,0.0000,0.2550,0.0000,0.333,1.434,1.726,0.129,1.3469,107.7518,3.3713,-0.0000,6.1000,3.0000,120.2314,-0.0000,30.59,29.26,44,1.430,1,314.1
76589.611,+0.0413,+0.1616,0.0000,0.2550,0.0000,0.333,1.434,1.726,0.129,1.3469,107.7518,3.3713,-0.0000,6.1000,3.0000,120.2314,-0.0000,29.78,29.26,44,1.430,1,305.3
76589.645,+0.0428,+0.2000,0.0000,0.2550,0.0000,0.312,1.435,-0.843,0.106,1.3469,107.7518,3.3713,-0.0000,6.1000,3.0000,120.2314,-0.0000,29.78,29.26,44,1.430,1,305.3
76589.679,+0.0460,+0.2413,0.0000,0.2550,0.0000,0.312,1.435,-0.843,0.106,1.3469,107.7518,3.3713,-0.0000,6.1000,3.0000,120.2314,-0.0000,29.78,29.26,44,1.430,1,305.3
76589.709,+0.0511,+0.1586,0.0000,0.2550,0.0000,0.312,1.435,-0.843,0.106,1.3469,107.7518,3.3713,-0.0000,6.1000,3.0000,120.2314,-0.0000,29.78,29.26,44,1.430,1,305.3
76589.743,+0.0200,+0.2000,0.0000,0.2550,0.0000,0.061,1.440,-1.935,0.069,1.3469,107.7518,3.3713,-0.0000,6.1000,3.0000,120.2314,-0.0000,29.78,29.26,44,1.430,1,305.3
76589.779,+0.0494,+0.2000,0.0333,0.2525,0.0150,0.061,1.440,-1.935,0.069,1.3469,107.7518,3.3713,-0.0000,6.1000,3.0000,120.2314,-0.0000,29.78,29.26,44,1.020,1,305.3
76589.810,+0.0558,+0.2000,0.0333,0.2525,0.0150,0.061,1.440,-1.935,0.069,1.3469,107.7518,3.3713,-0.0000,6.1000,3.0000,120.2314,-0.0000,29.78,29.26,44,1.020,1,305.3
76589.846,+0.0250,+0.2000,0.0333,0.2525,0.0150,-0.152,1.440,-1.911,0.098,1.3469,107.7518,3.3713,-0.0000,6.1000,3.0000,120.2314,-0.0000,29.78,29.26,44,1.020,1,305.3
76589.878,+0.0575,+0.2000,0.0333,0.2525,0.0150,-0.152,1.440,-1.911,0.098,1.3469,107.7518,3.3713,-0.0000,6.1000,3.0000,120.2314,-0.0000,29.78,29.26,44,1.020,1,305.3
76589.912,-0.0030,+0.2000,0.0333,0.2525,0.0150,-0.152,1.440,-1.911,0.098,1.3469,107.7518,3.3713,-0.0000,6.1000,3.0000,120.2314,-0.0000,29.78,29.26,44,1.020,1,305.3
76589.944,+0.0250,+0.2000,0.0333,0.2525,0.0150,0.004,1.441,0.932,0.052,1.3469,107.7518,3.3713,-0.0000,6.1000,3.0000,120.2314,-0.0000,29.78,29.26,44,1.020,1,305.3
76589.983,+0.0250,+0.1640,0.0333,0.2525,0.0150,0.004,1.441,0.932,0.052,1.3469,107.7518,3.3713,-0.0000,6.1000,3.0000,120.2314,-0.0000,28.69,29.26,44,1.020,1,293.5
76590.013,-0.0091,+0.2421,0.0333,0.2525,0.0150,0.004,1.441,0.932,0.052,1.3469,107.7518,3.3713,-0.0000,6.1000,3.0000,120.2314,-0.0000,28.69,29.26,44,1.020,1,293.5
76590.052,-0.0043,+0.2000,0.0333,0.2525,0.0150,0.136,1.444,2.397,0.066,1.3469,107.7518,3.3713,-0.0000,6.1000,3.0000,120.2314,-0.0000,28.69,29.26,44,1.020,1,293.5
76590.082,+0.0200,+0.2000,0.0333,0.2525,0.0150,0.136,1.444,2.397,0.066,1.3469,107.7518,3.3713,-0.0000,6.1000,3.0000,120.2314,-0.0000,28.69,29.26,44,1.020,1,293.5
76590.114,+0.0200,+0.2000,0.0333,0.2525,0.0150,0.136,1.444,2.397,0.066,1.3469,107.7518,3.3713,-0.0000,6.1000,3.0000,120.2314,-0.0000,28.69,29.26,44,1.020,1,293.5
76590.145,-0.0124,+0.2000,0.0333,0.2525,0.0150,0.469,1.449,2.507,0.094,1.3469,107.7518,3.3713,-0.0000,6.1000,3.0000,120.2314,-0.0000,28.69,29.26,44,1.020,1,293.5
76590.180,+0.0175,+0.2000,0.0333,0.2525,0.0150,0.469,1.449,2.507,0.094,1.3469,107.7518,3.3713,-0.0000,6.1000,3.0000,120.2314,-0.0000,28.69,29.26,44,1.020,1,293.5
76590.211,+0.0175,+0.2000,0.0333,0.2525,0.0150,0.469,1.449,2.507,0.094,1.3469,107.7518,3.3713,-0.0000,6.1000,3.0000,120.2314,-0.0000,28.69,29.26,44,1.020,1,293.5
76590.253,+0.0175,+0.1659,0.0333,0.2525,0.0150,0.615,1.451,2.361,0.126,1.3469,107.7518,3.3713,-0.0000,6.1000,3.0000,120.2314,-0.0000,28.69,29.26,44,1.020,1,293.5
76590.284,+0.0504,+0.2405,-0.0200,0.2525,-0.0100,0.615,1.451,2.361,0.126,1.3469,107.7518,3.3713,-0.0000,6.1000,3.0000,120.2314,-0.0000,28.69,29.26,44,1.390,1,293.5
76590.316,+0.0200,+0.2000,-0.0200,0.2525,-0.0100,0.615,1.451,2.361,0.126,1.3469,107.7518,3.3713,-0.0000,6.1000,3.0000,120.2314,-0.0000,28.69,29.26,44,1.390,1,293.5
76590.348,+0.0519,+0.1575,-0.0200,0.2525,-0.0100,0.578,1.458,-0.492,0.111,1.3469,107.7518,3.3713,-0.0000,6.1000,3.0000,120.2314,-0.0000,28.69,29.26,44,1.390,1,293.5
76590.381,+0.0542,+0.1967,-0.0200,0.2525,-0.0100,0.578,1.458,-0.492,0.111,1.3469,107.7518,3.3713,-0.0000,6.1000,3.0000,120.2314,-0.0000,28.69,29.26,44,1.390,1,293.5
76590.414,+0.0558,+0.1967,-0.0200,0.2525,-0.0100,0.578,1.458,-0.492,0.111,1.3469,107.7518,3.3713,-0.0000,6.1000,3.0000,120.2314,-0.0000,27.31,29.26,44,1.390,1,278.6
76590.452,+0.0553,+0.1967,-0.0200,0.2525,-0.0100,0.488,1.461,-1.745,0.108,1.3469,107.7518,3.3713,-0.0000,6.1000,3.0000,120.2314,-0.0000,27.31,29.26,44,1.390,1,278.6
76590.481,+0.0300,+0.1967,-0.0200,0.2525,-0.0100,0.488,1.461,-1.745,0.108,1.3469,107.7518,3.3713,-0.0000,6.1000,3.0000,120.2314,-0.0000,27.31,29.26,44,1.390,1,278.6
76590.511,+0.0638,+0.1967,-0.0200,0.2525,-0.0100,0.488,1.461,-1.745,0.108,1.3469,107.7518,3.3713,-0.0000,6.1000,3.0000,120.2314,-0.0000,27.31,29.26,44,1.390,1,278.6
76590.545,+0.0637,+0.1967,-0.0200,0.2525,-0.0100,0.241,1.462,-2.147,0.058,1.3469,107.7518,3.3713,-0.0000,6.1000,3.0000,120.2314,-0.0000,27.31,29.26,44,1.390,1,278.6
76590.579,+0.0350,+0.1967,-0.0200,0.2525,-0.0100,0.241,1.462,-2.147,0.058,1.3469,107.7518,3.3713,-0.0000,6.1000,3.0000,120.2314,-0.0000,27.31,29.26,44,1.390,1,278.6
76590.611,+0.0350,+0.1967,-0.0200,0.2525,-0.0100,0.241,1.462,-2.147,0.058,1.3469,107.7518,3.3713,-0.0000,6.1000,3.0000,120.2314,-0.0000,26.90,29.26,44,1.390,1,274.1
76590.644,+0.0350,+0.1967,-0.0200,0.2525,-0.0100,0.163,1.461,-1.880,0.031,1.3469,107.7518,3.3713,-0.0000,6.1000,3.0000,120.2314,-0.0000,26.90,29.26,44,1.390,1,274.1
76590.678,+0.0350,+0.1967,-0.0200,0.2525,-0.0100,0.163,1.461,-1.880,0.031,1.3469,107.7518,3.3713,-0.0000,6.1000,3.0000,120.2314,-0.0000,26.90,29.26,44,1.390,1,274.1
76590.710,+0.0350,+0.1967,-0.0200,0.2525,-0.0100,0.163,1.461,-1.880,0.031,1.3469,107.7518,3.3713,-0.0000,6.1000,3.0000,120.2314,-0.0000,26.90,29.26,44,1.390,1,274.1
76590.743,+0.0030,+0.1967,-0.0200,0.2525,-0.0100,0.276,1.455,0.639,0.019,1.3469,107.7518,3.3713,-0.0000,6.1000,3.0000,120.2314,-0.0000,26.90,29.26,44,1.390,1,274.1
76590.778,+0.0325,+0.1967,0.0200,0.2512,0.0112,0.276,1.455,0.639,0.019,1.3469,107.7518,3.3713,-0.0000,6.1000,3.0000,120.2314,-0.0000,26.90,29.26,44,1.340,1,274.1
76590.810,-0.0001,+0.1967,0.0200,0.2512,0.0112,0.276,1.455,0.639,0.019,1.3469,107.7518,3.3713,-0.0000,6.1000,3.0000,120.2314,-0.0000,26.90,29.26,44,1.340,1,274.1
76590.845,+0.0300,+0.1967,0.0200,0.2512,0.0112,0.466,1.458,2.357,0.113,1.3469,107.7518,3.3713,-0.0000,6.1000,3.0000,120.2314,-0.0000,26.90,29.26,44,1.340,1,274.1
76590.880,+0.0300,+0.1967,0.0200,0.2512,0.0112,0.466,1.458,2.357,0.113,1.3469,107.7518,3.3713,-0.0000,6.1000,3.0000,120.2314,-0.0000,26.90,29.26,44,1.340,1,274.1
76590.911,+0.0300,+0.1967,0.0200,0.2512,0.0112,0.466,1.458,2.357,0.113,1.3469,107.7518,3.3713,-0.0000,6.1000,3.0000,120.2314,-0.0000,26.90,29.26,44,1.340,1,274.1
76590.943,-0.0021,+0.1967,0.0200,0.2512,0.0112,0.516,1.459,2.377,0.119,1.3469,107.7518,3.3713,-0.0000,6.1000,3.0000,120.2314,-0.0000,26.90,29.26,44,1.340,1,274.1
76590.978,+0.0275,+0.1967,0.0200,0.2512,0.0112,0.516,1.459,2.377,0.119,1.3469,107.7518,3.3713,-0.0000,6.1000,3.0000,120.2314,-0.0000,25.90,29.26,44,1.340,1,263.1
76591.011,+0.0275,+0.1967,0.0200,0.2512,0.0112,0.516,1.459,2.377,0.119,1.3469,107.7518,3.3713,-0.0000,6.1000,3.0000,120.2314,-0.0000,25.90,29.26,44,1.340,1,263.1
76591.044,+0.0275,+0.1967,0.0200,0.2512,0.0112,0.561,1.472,1.014,0.134,1.3469,107.7518,3.3713,-0.0000,6.1000,3.0000,120.2314,-0.0000,25.90,29.27,44,1.340,1,263.1
76591.078,+0.0275,+0.1566,0.0200,0.2512,0.0112,0.561,1.472,1.014,0.134,1.3469,107.7518,3.3713,-0.0000,6.1000,3.0000,120.2314,-0.0000,25.90,29.27,44,1.340,1,263.1
76591.112,+0.0275,+0.1933,0.0200,0.2512,0.0112,0.561,1.472,1.014,0.134,1.3469,107.7518,3.3713,-0.0000,6.1000,3.0000,120.2314,-0.0000,25.90,29.27,44,1.340,1,263.1
76591.143,+0.0602,+0.1933,0.0200,0.2512,0.0112,0.519,1.476,-0.569,0.128,1.3469,107.7518,3.3713,-0.0000,6.1000,3.0000,120.2314,-0.0000,25.90,29.27,44,1.340,1,263.1
76591.179,+0.0300,+0.1933,0.0200,0.2512,0.0112,0.519,1.476,-0.569,0.128,1.3469,107.7518,3.3713,-0.0000,6.1000,3.0000,120.2314,-0.0000,25.90,29.27,44,1.340,1,263.1
76591.209,+0.0300,+0.1933,0.0200,0.2512,0.0112,0.519,1.476,-0.569,0.128,1.3469,107.7518,3.3713,-0.0000,6.1000,3.0000,120.2314,-0.0000,25.90,29.27,44,1.340,1,263.1
76591.246,+0.0300,+0.1933,0.0200,0.2512,0.0112,0.515,1.482,-0.078,0.117,1.3469,107.7518,3.3713,-0.0000,6.1000,3.0000,120.2314,-0.0000,25.90,29.27,44,1.340,1,263.1
76591.279,+0.0612,+0.1933,0.0133,0.2475,0.0075,0.515,1.482,-0.078,0.117,1.3469,107.7518,3.3713,-0.0000,6.1000,3.0000,120.2314,-0.0000,25.90,29.27,44,1.280,1,263.1
76591.313,+0.0632,+0.1524,0.0133,0.2475,0.0075,0.515,1.482,-0.078,0.117,1.3469,107.7518,3.3713,-0.0000,6.1000,3.0000,120.2314,-0.0000,25.90,29.27,44,1.280,1,263.1
76591.344,+0.0350,+0.1900,0.0133,0.2475,0.0075,0.515,1.482,-0.078,0.117,1.3469,107.7518,3.3713,-0.0000,6.1000,3.0000,120.2314,-0.0000,24.47,29.27,44,1.280,1,247.5
76591.380,+0.0350,+0.1900,0.0133,0.2475,0.0075,0.515,1.482,-0.078,0.117,1.3469,107.7518,3.3713,-0.0000,6.1000,3.0000,120.2314,-0.0000,24.47,29.27,44,1.280,1,247.5
76591.414,+0.0350,+0.1900,0.0133,0.2475,0.0075,0.520,1.487,0.505,0.088,1.3469,107.7518,3.3713,-0.0000,6.1000,3.0000,120.2314,-0.0000,24.47,29.27,44,1.280,1,247.5
76591.454,+0.0618,+0.1900,0.0133,0.2475,0.0075,0.629,1.489,1.021,0.078,1.3469,107.7518,3.3713,-0.0000,6.1000,3.0000,120.2314,-0.0000,24.47,29.27,44,1.280,1,247.5
76591.484,+0.0375,+0.1900,0.0133,0.2475,0.0075,0.629,1.489,1.021,0.078,1.3469,107.7518,3.3713,-0.0000,6.1000,3.0000,120.2314,-0.0000,24.47,29.27,44,1.280,1,247.5
76591.513,+0.0375,+0.1900,0.0133,0.2475,0.0075,0.629,1.489,1.021,0.078,1.3469,107.7518,3.3713,-0.0000,6.1000,3.0000,120.2314,-0.0000,24.47,29.27,44,1.280,1,247.5
76591.545,+0.0375,+0.1900,0.0133,0.2475,0.0075,0.629,1.489,1.021,0.078,1.3469,107.7518,3.3713,-0.0000,6.1000,3.0000,120.2314,-0.0000,24.47,29.27,44,1.280,1,247.5
76591.578,+0.0058,+0.1900,0.0133,0.2475,0.0075,0.738,1.495,0.909,0.098,1.3469,107.7518,3.3713,-0.0000,6.1000,3.0000,120.2314,-0.0000,24.47,29.27,44,1.280,1,247.5
76591.612,+0.0350,+0.1900,0.0133,0.2475,0.0075,0.738,1.495,0.909,0.098,1.3469,107.7518,3.3713,-0.0000,6.1000,3.0000,120.2314,-0.0000,23.64,29.27,44,1.280,1,238.4
76591.647,+0.0350,+0.1900,0.0133,0.2475,0.0075,0.863,1.471,1.176,-0.077,1.3469,107.7518,3.3713,-0.0000,6.1000,3.0000,120.2314,-0.0000,23.64,29.27,44,1.280,1,238.4
76591.679,+0.0350,+0.1900,0.0133,0.2475,0.0075,0.863,1.471,1.176,-0.077,1.3469,107.7518,3.3713,-0.0000,6.1000,3.0000,120.2314,-0.0000,23.64,29.27,44,1.280,1,238.4
76591.715,+0.0061,+0.1900,0.0133,0.2475,0.0075,0.863,1.471,1.176,-0.077,1.3469,107.7518,3.3713,-0.0000,6.1000,3.0000,120.2314,-0.0000,23.64,29.27,44,1.280,1,238.4
76591.744,+0.0325,+0.1900,0.0133,0.2475,0.0075,0.906,1.457,1.170,-0.290,1.3469,107.7518,3.3713,-0.0000,6.1000,3.0000,120.2314,-0.0000,23.64,29.27,44,1.280,1,238.4
76591.781,+0.0325,+0.1900,0.0133,0.2475,0.0075,0.906,1.457,1.170,-0.290,1.3469,107.7518,3.3713,-0.0000,6.1000,3.0000,120.2314,-0.0000,23.64,29.27,44,1.280,1,238.4
76591.812,+0.0325,+0.1900,0.0000,0.2475,0.0000,0.906,1.457,1.170,-0.290,1.3469,107.7518,3.3713,-0.0000,6.1000,3.0000,120.2314,-0.0000,23.64,29.27,44,1.200,1,238.4
76591.845,+0.0325,+0.1900,0.0000,0.2475,0.0000,0.965,1.416,0.666,-0.261,1.3469,107.7518,3.3713,-0.0000,6.1000,3.0000,120.2314,-0.0000,23.64,29.27,44,1.200,1,238.4
76591.879,+0.0633,+0.1900,0.0000,0.2475,0.0000,0.965,1.416,0.666,-0.261,1.3469,107.7518,3.3713,-0.0000,6.1000,3.0000,120.2314,-0.0000,23.64,29.27,44,1.200,1,238.4
76591.911,+0.0350,+0.2323,0.0000,0.2475,0.0000,0.965,1.416,0.666,-0.261,1.3469,107.7518,3.3713,-0.0000,6.1000,3.0000,120.2314,-0.0000,23.64,29.27,44,1.200,1,238.4
76591.944,+0.0350,+0.1933,0.0000,0.2475,0.0000,0.965,1.416,0.666,-0.261,1.3469,107.7518,3.3713,-0.0000,6.1000,3.0000,120.2314,-0.0000,22.62,29.27,44,1.200,1,227.3
76591.980,+0.0637,+0.1933,0.0000,0.2475,0.0000,0.956,1.372,-0.103,-0.274,1.3469,107.7518,3.3713,-0.0000,6.1000,3.0000,120.2314,-0.0000,22.62,29.26,44,1.200,1,227.3
76592.010,+0.0375,+0.1933,0.0000,0.2475,0.0000,0.956,1.372,-0.103,-0.274,1.3469,107.7518,3.3713,-0.0000,6.1000,3.0000,120.2314,-0.0000,22.62,29.26,44,1.200,1,227.3
76592.045,+0.0375,+0.1933,0.0000,0.2475,0.0000,0.861,1.323,-0.694,-0.310,1.3469,107.7518,3.3713,-0.0000,6.1000,3.0000,120.2314,-0.0000,22.62,29.26,44,1.200,1,227.3
76592.079,+0.0375,+0.1933,0.0000,0.2475,0.0000,0.861,1.323,-0.694,-0.310,1.3469,107.7518,3.3713,-0.0000,6.1000,3.0000,120.2314,-0.0000,22.62,29.26,44,1.200,1,227.3
76592.110,+0.0709,+0.1933,0.0000,0.2475,0.0000,0.861,1.323,-0.694,-0.310,1.3469,107.7518,3.3713,-0.0000,6.1000,3.0000,120.2314,-0.0000,22.62,29.26,44,1.200,1,227.3
76592.142,+0.0400,+0.2359,0.0000,0.2475,0.0000,0.844,1.315,-0.698,-0.306,1.3469,107.7518,3.3713,-0.0000,6.1000,3.0000,120.2314,-0.0000,22.62,29.26,44,1.200,1,227.3
76592.179,+0.0400,+0.1967,0.0000,0.2475,0.0000,0.844,1.315,-0.698,-0.306,1.3469,107.7518,3.3713,-0.0000,6.1000,3.0000,120.2314,-0.0000,22.62,29.26,44,1.200,1,227.3
76592.210,+0.0400,+0.1967,0.0000,0.2475,0.0000,0.844,1.315,-0.698,-0.306,1.3469,107.7518,3.3713,-0.0000,6.1000,3.0000,120.2314,-0.0000,22.62,29.26,44,1.200,1,227.3
76592.244,+0.0400,+0.1967,0.0000,0.2475,0.0000,0.826,1.269,-0.051,-0.037,1.3469,107.7518,3.3713,-0.0000,6.1000,3.0000,120.2314,-0.0000,22.62,29.27,44,1.200,1,227.3
76592.277,+0.0400,+0.1967,0.0000,0.2475,0.0000,0.826,1.269,-0.051,-0.037,1.3469,107.7518,3.3713,-0.0000,6.1000,3.0000,120.2314,-0.0000,21.77,29.27,44,1.200,1,218.2
76592.312,+0.0400,+0.1967,0.0000,0.2475,0.0000,0.826,1.269,-0.051,-0.037,1.3469,107.7518,3.3713,-0.0000,6.1000,3.0000,120.2314,-0.0000,21.77,29.27,44,1.200,1,218.2
76592.343,+0.0400,+0.1967,0.0000,0.2475,0.0000,0.826,1.269,-0.051,-0.037,1.3469,107.7518,3.3713,-0.0000,6.1000,3.0000,120.2314,-0.0000,21.77,29.27,44,1.200,1,218.2
76592.376,+0.0400,+0.1967,0.0133,0.2500,0.0075,0.826,1.269,-0.051,-0.037,1.3469,107.7518,3.3713,-0.0000,6.1000,3.0000,120.2314,-0.0000,21.77,29.27,44,1.270,1,218.2
76592.410,+0.0400,+0.1967,0.0133,0.2500,0.0075,0.799,1.299,-0.034,0.213,1.3469,107.7518,3.3713,-0.0000,6.1000,3.0000,120.2314,-0.0000,21.77,29.27,44,1.270,1,218.2
76592.446,+0.0111,+0.1967,0.0133,0.2500,0.0075,0.799,1.300,-0.037,0.215,1.3469,107.7518,3.3713,-0.0000,6.1000,3.0000,120.2314,-0.0000,21.77,29.27,44,1.270,1,218.2
76592.478,+0.0375,+0.1967,0.0133,0.2500,0.0075,0.799,1.300,-0.037,0.215,1.3469,107.7518,3.3713,-0.0000,6.1000,3.0000,120.2314,-0.0000,21.77,29.27,44,1.270,1,218.2
76592.509,+0.0699,+0.1967,0.0133,0.2500,0.0075,0.799,1.300,-0.037,0.215,1.3469,107.7518,3.3713,-0.0000,6.1000,3.0000,120.2314,-0.0000,21.77,29.27,44,1.270,1,218.2
76592.543,+0.0092,+0.1967,0.0133,0.2500,0.0075,0.876,1.320,0.691,0.198,1.3469,107.7518,3.3713,-0.0000,6.1000,3.0000,120.2314,-0.0000,21.77,29.28,44,1.270,1,218.2
76592.578,+0.0669,+0.1967,0.0133,0.2500,0.0075,0.876,1.320,0.691,0.198,1.3469,107.7518,3.3713,-0.0000,6.1000,3.0000,120.2314,-0.0000,21.77,29.28,44,1.270,1,218.2
76592.612,+0.0400,+0.1551,0.0133,0.2500,0.0075,0.876,1.320,0.691,0.198,1.3469,107.7518,3.3713,-0.0000,6.1000,3.0000,120.2314,-0.0000,20.69,29.28,44,1.270,1,206.8
76592.654,+0.0150,+0.1933,0.0133,0.2500,0.0075,0.938,1.338,0.604,0.248,1.3469,107.7518,3.3713,-0.0000,6.1000,3.0000,120.2314,-0.0000,20.69,29.28,44,1.270,1,206.8
76592.687,+0.0375,+0.1933,0.0133,0.2500,0.0075,0.938,1.338,0.604,0.248,1.3469,107.7518,3.3713,-0.0000,6.1000,3.0000,120.2314,-0.0000,20.69,29.28,44,1.270,1,206.8
76592.717,+0.0375,+0.1933,0.0133,0.2500,0.0075,0.938,1.338,0.604,0.248,1.3469,107.7518,3.3713,-0.0000,6.1000,3.0000,120.2314,-0.0000,20.69,29.28,44,1.270,1,206.8
76592.746,+0.0375,+0.1933,0.0133,0.2500,0.0075,0.958,1.344,0.598,0.237,1.3469,107.7518,3.3713,-0.0000,6.1000,3.0000,120.2314,-0.0000,20.69,29.28,44,1.270,1,206.8
76592.779,+0.0375,+0.1933,0.0000,0.2462,0.0013,0.958,1.344,0.598,0.237,1.3469,107.7518,3.3713,-0.0000,6.1000,3.0000,120.2314,-0.0000,20.69,29.28,44,1.200,1,206.8
76592.812,+0.0375,+0.1933,0.0000,0.2462,0.0013,0.958,1.344,0.598,0.237,1.3469,107.7518,3.3713,-0.0000,6.1000,3.0000,120.2314,-0.0000,20.69,29.28,44,1.200,1,206.8
76592.848,+0.0661,+0.1933,0.0000,0.2462,0.0013,0.915,1.358,-0.159,0.208,1.3469,107.7518,3.3713,-0.0000,6.1000,3.0000,120.2314,-0.0000,20.69,29.28,44,1.200,1,206.8
76592.881,+0.0400,+0.1517,0.0000,0.2462,0.0013,0.915,1.358,-0.159,0.208,1.3469,107.7518,3.3713,-0.0000,6.1000,3.0000,120.2314,-0.0000,20.69,29.28,44,1.200,1,206.8
76592.914,+0.0400,+0.1900,0.0000,0.2462,0.0013,0.915,1.358,-0.159,0.208,1.3469,107.7518,3.3713,-0.0000,6.1000,3.0000,120.2314,-0.0000,20.69,29.28,44,1.200,1,206.8
76592.945,+0.0734,+0.1900,0.0000,0.2462,0.0013,0.915,1.358,-0.159,0.208,1.3469,107.7518,3.3713,-0.0000,6.1000,3.0000,120.2314,-0.0000,19.74,29.28,44,1.200,1,196.6
76592.978,+0.0425,+0.2320,0.0000,0.2462,0.0013,0.796,1.287,-0.690,-0.471,1.3469,107.7518,3.3713,-0.0000,6.1000,3.0000,120.2314,-0.0000,19.74,29.29,44,1.200,1,196.6
76593.013,+0.0425,+0.1538,0.0000,0.2462,0.0013,0.796,1.287,-0.690,-0.471,1.3469,107.7518,3.3713,-0.0000,6.1000,3.0000,120.2314,-0.0000,19.74,29.29,44,1.200,1,196.6
76593.046,+0.0731,+0.2308,0.0000,0.2462,0.0013,0.793,1.284,-0.688,-0.471,1.3469,107.7518,3.3713,-0.0000,6.1000,3.0000,120.2314,-0.0000,19.74,29.29,44,1.200,1,196.6
76593.080,+0.0450,+0.1933,0.0000,0.2462,0.0013,0.793,1.284,-0.688,-0.471,1.3469,107.7518,3.3713,-0.0000,6.1000,3.0000,120.2314,-0.0000,19.74,29.29,44,1.200,1,196.6
76593.111,+0.0450,+0.1933,0.0000,0.2462,0.0013,0.793,1.284,-0.688,-0.471,1.3469,107.7518,3.3713,-0.0000,6.1000,3.0000,120.2314,-0.0000,19.74,29.29,44,1.200,1,196.6
76593.144,+0.0450,+0.2355,0.0000,0.2462,0.0013,0.793,1.284,-0.688,-0.471,1.3469,107.7518,3.3713,-0.0000,6.1000,3.0000,120.2314,-0.0000,19.74,29.29,44,1.200,1,196.6
76593.181,+0.0450,+0.1967,0.0000,0.2462,0.0013,0.774,1.206,-0.020,-0.099,1.3469,107.7518,3.3713,-0.0000,6.1000,3.0000,120.2314,-0.0000,19.74,29.29,44,1.200,1,196.6
76593.209,+0.0450,+0.1967,0.0000,0.2462,0.0013,0.774,1.206,-0.020,-0.099,1.3469,107.7518,3.3713,-0.0000,6.1000,3.0000,120.2314,-0.0000,19.74,29.29,44,1.200,1,196.6
76593.244,+0.0450,+0.1967,0.0000,0.2462,0.0013,0.765,1.200,-0.031,0.006,1.3469,107.7518,3.3713,-0.0000,6.1000,3.0000,120.2314,-0.0000,19.74,29.29,44,1.200,1,196.6
76593.278,+0.0450,+0.1967,0.0000,0.2462,0.0013,0.765,1.200,-0.031,0.006,1.3469,107.7518,3.3713,-0.0000,6.1000,3.0000,120.2314,-0.0000,18.86,29.29,44,1.200,1,187.4
76593.311,+0.0450,+0.1967,0.0000,0.2462,0.0013,0.765,1.200,-0.031,0.006,1.3469,107.7518,3.3713,-0.0000,6.1000,3.0000,120.2314,-0.0000,18.86,29.29,44,1.200,1,187.4
76593.343,+0.0450,+0.1967,0.0200,0.2525,0.0100,0.765,1.200,-0.031,0.006,1.3469,107.7518,3.3713,-0.0000,6.1000,3.0000,120.2314,-0.0000,18.86,29.29,44,1.220,1,187.4
76593.378,+0.0450,+0.1967,0.0200,0.2525,0.0100,0.765,1.200,-0.031,0.006,1.3469,107.7518,3.3713,-0.0000,6.1000,3.0000,120.2314,-0.0000,18.86,29.29,44,1.220,1,187.4
76593.410,+0.0126,+0.1967,0.0200,0.2525,0.0100,0.908,1.186,1.346,-0.000,1.3469,107.7518,3.3713,-0.0000,6.1000,3.0000,120.2314,-0.0000,18.86,29.30,44,1.220,1,187.4
76593.444,+0.0425,+0.1967,0.0200,0.2525,0.0100,0.910,1.186,1.222,0.019,1.3469,107.7518,3.3713,-0.0000,6.1000,3.0000,120.2314,-0.0000,18.86,29.30,44,1.220,1,187.4
76593.479,+0.0425,+0.1967,0.0200,0.2525,0.0100,0.910,1.186,1.222,0.019,1.3469,107.7518,3.3713,-0.0000,6.1000,3.0000,120.2314,-0.0000,18.86,29.30,44,1.220,1,187.4
76593.511,+0.0425,+0.1967,0.0200,0.2525,0.0100,0.910,1.186,1.222,0.019,1.3469,107.7518,3.3713,-0.0000,6.1000,3.0000,120.2314,-0.0000,18.86,29.30,44,1.220,1,187.4
76593.543,+0.0425,+0.1967,0.0200,0.2525,0.0100,1.072,1.179,0.946,0.026,1.3469,107.7518,3.3713,-0.0000,6.1000,3.0000,120.2314,-0.0000,18.86,29.30,44,1.220,1,187.4
76593.579,+0.0425,+0.1967,0.0200,0.2525,0.0100,1.072,1.179,0.946,0.026,1.3469,107.7518,3.3713,-0.0000,6.1000,3.0000,120.2314,-0.0000,18.86,29.30,44,1.220,1,187.4
76593.609,+0.0425,+0.1967,0.0200,0.2525,0.0100,1.072,1.179,0.946,0.026,1.3469,107.7518,3.3713,-0.0000,6.1000,3.0000,120.2314,-0.0000,17.68,29.30,44,1.220,1,175.2
76593.644,+0.0425,+0.1967,0.0200,0.2525,0.0100,1.087,1.178,0.575,0.037,1.3469,107.7518,3.3713,-0.0000,6.1000,3.0000,120.2314,-0.0000,17.68,29.30,44,1.220,1,175.2
76593.678,+0.0425,+0.1967,0.0200,0.2525,0.0100,1.087,1.178,0.575,0.037,1.3469,107.7518,3.3713,-0.0000,6.1000,3.0000,120.2314,-0.0000,17.68,29.30,44,1.220,1,175.2
76593.709,+0.0425,+0.1967,0.0200,0.2525,0.0100,1.087,1.178,0.575,0.037,1.3469,107.7518,3.3713,-0.0000,6.1000,3.0000,120.2314,-0.0000,17.68,29.30,44,1.220,1,175.2
76593.742,+0.0425,+0.1967,0.0200,0.2525,0.0100,1.159,1.175,0.582,0.024,1.3469,107.7518,3.3713,-0.0000,6.1000,3.0000,120.2314,-0.0000,17.68,29.31,44,1.220,1,175.2
76593.778,+0.0425,+0.1967,0.0067,0.2525,0.0025,1.159,1.175,0.582,0.024,1.3469,107.7518,3.3713,-0.0000,6.1000,3.0000,120.2314,-0.0000,17.68,29.31,44,1.200,1,175.2
76593.811,+0.0425,+0.1967,0.0067,0.2525,0.0025,1.159,1.175,0.582,0.024,1.3469,107.7518,3.3713,-0.0000,6.1000,3.0000,120.2314,-0.0000,17.68,29.31,44,1.200,1,175.2
76593.846,+0.0721,+0.1967,0.0067,0.2525,0.0025,1.144,1.168,-0.067,0.018,1.3469,107.7518,3.3713,-0.0000,6.1000,3.0000,120.2314,-0.0000,17.68,29.31,44,1.200,1,175.2
76593.882,+0.0450,+0.1967,0.0067,0.2525,0.0025,1.144,1.168,-0.067,0.018,1.3469,107.7518,3.3713,-0.0000,6.1000,3.0000,120.2314,-0.0000,17.68,29.31,44,1.200,1,175.2
76593.914,+0.0773,+0.1967,0.0067,0.2525,0.0025,1.144,1.168,-0.067,0.018,1.3469,107.7518,3.3713,-0.0000,6.1000,3.0000,120.2314,-0.0000,17.68,29.31,44,1.200,1,175.2
76593.947,+0.0475,+0.1967,0.0067,0.2525,0.0025,1.121,1.158,-0.077,-0.000,1.3469,107.7518,3.3713,-0.0000,6.1000,3.0000,120.2314,-0.0000,16.54,29.32,44,1.200,1,163.4
76593.980,+0.0475,+0.1967,0.0067,0.2525,0.0025,1.121,1.158,-0.077,-0.000,1.3469,107.7518,3.3713,-0.0000,6.1000,3.0000,120.2314,-0.0000,16.54,29.32,44,1.200,1,163.4
76594.012,+0.0475,+0.1967,0.0067,0.2525,0.0025,1.121,1.158,-0.077,-0.000,1.3469,107.7518,3.3713,-0.0000,6.1000,3.0000,120.2314,-0.0000,16.54,29.32,44,1.200,1,163.4
76594.046,+0.0475,+0.1967,0.0067,0.2525,0.0025,1.121,1.158,-0.077,-0.000,1.3469,107.7518,3.3713,-0.0000,6.1000,3.0000,120.2314,-0.0000,16.54,29.32,44,1.200,1,163.4
76594.080,+0.0475,+0.1967,0.0067,0.2525,0.0025,1.120,1.158,-0.073,0.002,1.3469,107.7518,3.3713,-0.0000,6.1000,3.0000,120.2314,-0.0000,16.54,29.32,44,1.200,1,163.4
76594.113,+0.0475,+0.1967,0.0067,0.2525,0.0025,1.120,1.158,-0.073,0.002,1.3469,107.7518,3.3713,-0.0000,6.1000,3.0000,120.2314,-0.0000,16.54,29.32,44,1.200,1,163.4
76594.144,+0.0475,+0.1532,0.0067,0.2525,0.0025,1.095,1.149,-0.057,0.006,1.3469,107.7518,3.3713,-0.0000,6.1000,3.0000,120.2314,-0.0000,16.54,29.33,44,1.200,1,163.4
76594.179,+0.0475,+0.1933,0.0067,0.2525,0.0025,1.095,1.149,-0.057,0.006,1.3469,107.7518,3.3713,-0.0000,6.1000,3.0000,120.2314,-0.0000,16.54,29.33,44,1.200,1,163.4
76594.211,+0.0475,+0.1933,0.0067,0.2525,0.0025,1.095,1.149,-0.057,0.006,1.3469,107.7518,3.3713,-0.0000,6.1000,3.0000,120.2314,-0.0000,16.54,29.33,44,1.200,1,163.4
76594.245,+0.0475,+0.1933,0.0067,0.2525,0.0025,1.095,1.149,-0.057,0.006,1.3469,107.7518,3.3713,-0.0000,6.1000,3.0000,120.2314,-0.0000,16.54,29.33,44,1.200,1,163.4
76594.278,+0.0168,+0.1933,0.0067,0.2525,0.0025,1.108,1.142,0.196,0.033,1.3469,107.7518,3.3713,-0.0000,6.1000,3.0000,120.2314,-0.0000,15.51,29.33,44,1.200,1,152.7
76594.310,+0.0450,+0.1933,0.0067,0.2525,0.0025,1.108,1.142,0.196,0.033,1.3469,107.7518,3.3713,-0.0000,6.1000,3.0000,120.2314,-0.0000,15.51,29.33,44,1.200,1,152.7
76594.345,+0.0450,+0.2336,0.0067,0.2525,0.0025,1.108,1.142,0.196,0.033,1.3469,107.7518,3.3713,-0.0000,6.1000,3.0000,120.2314,-0.0000,15.51,29.33,44,1.200,1,152.7
76594.376,+0.0450,+0.1967,0.0000,0.2512,0.0013,1.108,1.142,0.196,0.033,1.3469,107.7518,3.3713,-0.0000,6.1000,3.0000,120.2314,-0.0000,15.51,29.33,44,1.140,1,152.7
76594.409,+0.0450,+0.1547,0.0000,0.2512,0.0013,1.108,1.142,0.196,0.033,1.3469,107.7518,3.3713,-0.0000,6.1000,3.0000,120.2314,-0.0000,15.51,29.33,44,1.140,1,152.7
76594.444,+0.0450,+0.1933,0.0000,0.2512,0.0013,1.193,1.140,0.582,0.055,1.3469,107.7518,3.3713,-0.0000,6.1000,3.0000,120.2314,-0.0000,15.51,29.34,44,1.140,1,152.7
76594.478,+0.0450,+0.1933,0.0000,0.2512,0.0013,1.222,1.139,0.576,0.055,1.3469,107.7518,3.3713,-0.0000,6.1000,3.0000,120.2314,-0.0000,15.51,29.34,44,1.140,1,152.7
76594.509,+0.0450,+0.1933,0.0000,0.2512,0.0013,1.222,1.139,0.576,0.055,1.3469,107.7518,3.3713,-0.0000,6.1000,3.0000,120.2314,-0.0000,15.51,29.34,44,1.140,1,152.7
76594.542,+0.0450,+0.1933,0.0000,0.2512,0.0013,1.266,1.138,0.576,0.059,1.3469,107.7518,3.3713,-0.0000,6.1000,3.0000,120.2314,-0.0000,15.51,29.34,44,1.140,1,152.7
76594.579,+0.0450,+0.1933,0.0000,0.2512,0.0013,1.266,1.138,0.576,0.059,1.3469,107.7518,3.3713,-0.0000,6.1000,3.0000,120.2314,-0.0000,15.51,29.34,44,1.140,1,152.7
76594.609,+0.0450,+0.1933,0.0000,0.2512,0.0013,1.266,1.138,0.576,0.059,1.3469,107.7518,3.3713,-0.0000,6.1000,3.0000,120.2314,-0.0000,14.55,29.34,44,1.140,1,142.9
76594.644,+0.0750,+0.1933,0.0000,0.2512,0.0013,1.287,1.137,0.529,0.060,1.3469,107.7518,3.3713,-0.0000,6.1000,3.0000,120.2314,-0.0000,14.55,29.34,44,1.140,1,142.9
76594.679,+0.0475,+0.1933,0.0000,0.2512,0.0013,1.287,1.137,0.529,0.060,1.3469,107.7518,3.3713,-0.0000,6.1000,3.0000,120.2314,-0.0000,14.55,29.34,44,1.140,1,142.9
76594.709,+0.0475,+0.1933,0.0000,0.2512,0.0013,1.287,1.137,0.529,0.060,1.3469,107.7518,3.3713,-0.0000,6.1000,3.0000,120.2314,-0.0000,14.55,29.34,44,1.140,1,142.9
76594.743,+0.0780,+0.1526,0.0000,0.2512,0.0013,1.263,1.135,-0.090,0.046,1.3469,107.7518,3.3713,-0.0000,6.1000,3.0000,120.2314,-0.0000,14.55,29.35,44,1.140,1,142.9
76594.779,+0.0500,+0.1900,0.0133,0.2512,0.0063,1.263,1.135,-0.090,0.046,1.3469,107.7518,3.3713,-0.0000,6.1000,3.0000,120.2314,-0.0000,14.55,29.35,44,1.120,1,142.9
76594.809,+0.0500,+0.1900,0.0133,0.2512,0.0063,1.263,1.135,-0.090,0.046,1.3469,107.7518,3.3713,-0.0000,6.1000,3.0000,120.2314,-0.0000,14.55,29.35,44,1.120,1,142.9
76594.844,+0.0500,+0.1900,0.0133,0.2512,0.0063,1.242,1.131,-0.054,0.018,1.3469,107.7518,3.3713,-0.0000,6.1000,3.0000,120.2314,-0.0000,14.55,29.35,44,1.120,1,142.9
76594.879,+0.0500,+0.1900,0.0133,0.2512,0.0063,1.242,1.131,-0.054,0.018,1.3469,107.7518,3.3713,-0.0000,6.1000,3.0000,120.2314,-0.0000,14.55,29.35,44,1.120,1,142.9
76594.910,+0.0500,+0.1900,0.0133,0.2512,0.0063,1.242,1.131,-0.054,0.018,1.3469,107.7518,3.3713,-0.0000,6.1000,3.0000,120.2314,-0.0000,14.55,29.35,44,1.120,1,142.9
76594.944,+0.0500,+0.1900,0.0133,0.2512,0.0063,1.242,1.131,-0.054,0.018,1.3469,107.7518,3.3713,-0.0000,6.1000,3.0000,120.2314,-0.0000,13.33,29.35,44,1.120,1,130.3
76594.977,+0.0500,+0.1900,0.0133,0.2512,0.0063,1.225,1.128,0.455,0.054,1.3469,107.7518,3.3713,-0.0000,6.1000,3.0000,120.2314,-0.0000,13.33,29.36,44,1.120,1,130.3
76595.009,+0.0500,+0.1900,0.0133,0.2512,0.0063,1.225,1.128,0.455,0.054,1.3469,107.7518,3.3713,-0.0000,6.1000,3.0000,120.2314,-0.0000,13.33,29.36,44,1.120,1,130.3
76595.044,+0.0199,+0.1900,0.0133,0.2512,0.0063,1.339,1.128,1.236,0.061,1.3469,107.7518,3.3713,-0.0000,6.1000,3.0000,120.2314,-0.0000,13.33,29.36,44,1.120,1,130.3
76595.078,+0.0475,+0.1900,0.0133,0.2512,0.0063,1.339,1.128,1.236,0.061,1.3469,107.7518,3.3713,-0.0000,6.1000,3.0000,120.2314,-0.0000,13.33,29.36,44,1.120,1,130.3
76595.110,+0.0475,+0.1900,0.0133,0.2512,0.0063,1.339,1.128,1.236,0.061,1.3469,107.7518,3.3713,-0.0000,6.1000,3.0000,120.2314,-0.0000,13.33,29.36,44,1.120,1,130.3
76595.143,+0.0475,+0.1900,0.0133,0.2512,0.0063,1.407,1.130,0.609,0.088,1.3469,107.7518,3.3713,-0.0000,6.1000,3.0000,120.2314,-0.0000,13.33,29.37,44,1.120,1,130.3
76595.179,+0.0475,+0.1900,0.0133,0.2512,0.0063,1.407,1.130,0.609,0.088,1.3469,107.7518,3.3713,-0.0000,6.1000,3.0000,120.2314,-0.0000,13.33,29.37,44,1.120,1,130.3
76595.209,+0.0136,+0.1448,0.0133,0.2512,0.0063,1.407,1.130,0.609,0.088,1.3469,107.7518,3.3713,-0.0000,6.1000,3.0000,120.2314,-0.0000,13.33,29.37,44,1.120,1,130.3
76595.244,+0.0450,+0.1867,0.0133,0.2512,0.0063,1.431,1.131,0.566,0.091,1.3469,107.7518,3.3713,-0.0000,6.1000,3.0000,120.2314,-0.0000,13.33,29.37,44,1.120,1,130.3
76595.278,+0.0754,+0.1867,0.0000,0.2450,-0.0025,1.431,1.131,0.566,0.091,1.3469,107.7518,3.3713,-0.0000,6.1000,3.0000,120.2314,-0.0000,13.33,29.37,44,0.610,1,130.3
76595.311,+0.0475,+0.1867,0.0000,0.2450,-0.0025,1.431,1.131,0.566,0.091,1.3469,107.7518,3.3713,-0.0000,6.1000,3.0000,120.2314,-0.0000,13.33,29.37,44,0.610,1,130.3
76595.343,+0.0475,+0.1867,0.0000,0.2450,-0.0025,1.431,1.131,0.566,0.091,1.3469,107.7518,3.3713,-0.0000,6.1000,3.0000,120.2314,-0.0000,13.33,29.37,44,0.610,1,130.3
76595.379,+0.0475,+0.1867,0.0000,0.2450,-0.0025,1.402,1.133,-0.042,0.073,1.3469,107.7518,3.3713,-0.0000,6.1000,3.0000,120.2314,-0.0000,13.33,29.38,44,0.610,1,130.3
76595.413,+0.0475,+0.1466,0.0000,0.2450,-0.0025,1.402,1.133,-0.042,0.073,1.3469,107.7518,3.3713,-0.0000,6.1000,3.0000,120.2314,-0.0000,11.86,29.38,44,0.610,1,115.2
76595.446,+0.0792,+0.1833,0.0000,0.2450,-0.0025,1.397,1.133,-0.055,0.078,1.3469,107.7518,3.3713,-0.0000,6.1000,3.0000,120.2314,-0.0000,11.86,29.38,44,0.610,1,115.2
76595.481,+0.0500,+0.1833,0.0000,0.2450,-0.0025,1.397,1.133,-0.055,0.078,1.3469,107.7518,3.3713,-0.0000,6.1000,3.0000,120.2314,-0.0000,11.86,29.38,44,0.610,1,115.2
76595.511,+0.0500,+0.1833,0.0000,0.2450,-0.0025,1.397,1.133,-0.055,0.078,1.3469,107.7518,3.3713,-0.0000,6.1000,3.0000,120.2314,-0.0000,11.86,29.38,44,0.610,1,115.2
76595.543,+0.0500,+0.1407,0.0000,0.2450,-0.0025,1.323,1.134,-0.539,0.071,1.3469,107.7518,3.3713,-0.0000,6.1000,3.0000,120.2314,-0.0000,11.86,29.38,44,0.610,1,115.2
76595.579,+0.0500,+0.1800,0.0000,0.2450,-0.0025,1.323,1.134,-0.539,0.071,1.3469,107.7518,3.3713,-0.0000,6.1000,3.0000,120.2314,-0.0000,11.86,29.38,44,0.610,1,115.2
76595.612,+0.0820,+0.1800,0.0000,0.2450,-0.0025,1.323,1.134,-0.539,0.071,1.3469,107.7518,3.3713,-0.0000,6.1000,3.0000,120.2314,-0.0000,11.33,29.38,44,0.610,1,109.7
76595.644,+0.0525,+0.1800,0.0000,0.2450,-0.0025,1.323,1.134,-0.539,0.071,1.3469,107.7518,3.3713,-0.0000,6.1000,3.0000,120.2314,-0.0000,11.33,29.38,44,0.610,1,109.7
76595.679,+0.0231,+0.1800,0.0000,0.2450,-0.0025,1.292,1.134,-0.636,0.063,1.3469,107.7518,3.3713,-0.0000,6.1000,3.0000,120.2314,-0.0000,11.33,29.38,44,0.610,1,109.7
76595.709,+0.0500,+0.1800,0.0000,0.2450,-0.0025,1.292,1.134,-0.636,0.063,1.3469,107.7518,3.3713,-0.0000,6.1000,3.0000,120.2314,-0.0000,11.33,29.38,44,0.610,1,109.7
76595.743,+0.0806,+0.1800,0.0000,0.2450,-0.0025,1.292,1.134,-0.636,0.063,1.3469,107.7518,3.3713,-0.0000,6.1000,3.0000,120.2314,-0.0000,11.33,29.38,44,0.610,1,109.7
76595.779,+0.0233,+0.1800,0.0067,0.2425,0.0050,1.181,1.132,0.018,0.063,1.3469,107.7518,3.3713,-0.0000,6.1000,3.0000,120.2314,-0.0000,11.33,29.39,44,0.830,1,109.7
76595.813,+0.0806,+0.1800,0.0067,0.2425,0.0050,1.181,1.132,0.018,0.063,1.3469,107.7518,3.3713,-0.0000,6.1000,3.0000,120.2314,-0.0000,11.33,29.39,44,0.830,1,109.7
76595.842,+0.0525,+0.1342,0.0067,0.2425,0.0050,1.201,1.132,0.580,0.074,1.3469,107.7518,3.3713,-0.0000,6.1000,3.0000,120.2314,-0.0000,11.33,29.39,44,0.830,1,109.7
76595.879,+0.0525,+0.1767,0.0067,0.2425,0.0050,1.201,1.132,0.580,0.074,1.3469,107.7518,3.3713,-0.0000,6.1000,3.0000,120.2314,-0.0000,11.33,29.39,44,0.830,1,109.7
76595.909,+0.0525,+0.1767,0.0067,0.2425,0.0050,1.201,1.132,0.580,0.074,1.3469,107.7518,3.3713,-0.0000,6.1000,3.0000,120.2314,-0.0000,11.33,29.39,44,0.830,1,109.7
76595.941,+0.0525,+0.1767,0.0067,0.2425,0.0050,1.201,1.132,0.580,0.074,1.3469,107.7518,3.3713,-0.0000,6.1000,3.0000,120.2314,-0.0000,10.15,29.39,44,0.830,1,97.5
76595.978,+0.0525,+0.1767,0.0067,0.2425,0.0050,1.275,1.079,0.543,-0.348,1.3469,107.7518,3.3713,-0.0000,6.1000,3.0000,120.2314,-0.0000,10.15,29.39,44,0.830,1,97.5
76596.009,+0.0525,+0.1767,0.0067,0.2425,0.0050,1.275,1.079,0.543,-0.348,1.3469,107.7518,3.3713,-0.0000,6.1000,3.0000,120.2314,-0.0000,10.15,29.39,44,0.830,1,97.5
76596.043,+0.0525,+0.1767,0.0067,0.2425,0.0050,1.275,1.079,0.543,-0.348,1.3469,107.7518,3.3713,-0.0000,6.1000,3.0000,120.2314,-0.0000,10.15,29.39,44,0.830,1,97.5
76596.080,+0.0807,+0.1767,0.0067,0.2425,0.0050,1.319,1.039,0.546,-0.301,1.3469,107.7518,3.3713,-0.0000,6.1000,3.0000,120.2314,-0.0000,10.15,29.40,44,0.830,1,97.5
76596.109,+0.0550,+0.1767,0.0067,0.2425,0.0050,1.319,1.039,0.546,-0.301,1.3469,107.7518,3.3713,-0.0000,6.1000,3.0000,120.2314,-0.0000,10.15,29.40,44,0.830,1,97.5
76596.143,+0.0550,+0.1767,0.0067,0.2425,0.0050,1.355,1.009,0.562,-0.303,1.3469,107.7518,3.3713,-0.0000,6.1000,3.0000,120.2314,-0.0000,10.15,29.40,44,0.830,1,97.5
76596.178,+0.0550,+0.1767,0.0067,0.2425,0.0050,1.355,1.009,0.562,-0.303,1.3469,107.7518,3.3713,-0.0000,6.1000,3.0000,120.2314,-0.0000,10.15,29.40,44,0.830,1,97.5
76596.210,+0.0550,+0.2196,0.0067,0.2425,0.0050,1.355,1.009,0.562,-0.303,1.3469,107.7518,3.3713,-0.0000,6.1000,3.0000,120.2314,-0.0000,10.15,29.40,44,0.830,1,97.5
76596.244,+0.0243,+0.1800,0.0067,0.2425,0.0050,1.425,0.956,0.637,-0.270,1.3469,107.7518,3.3713,-0.0000,6.1000,3.0000,120.2314,-0.0000,10.15,29.40,44,0.830,1,97.5
76596.279,+0.0825,+0.1800,0.0133,0.2500,0.0075,1.425,0.956,0.637,-0.270,1.3469,107.7518,3.3713,-0.0000,6.1000,3.0000,120.2314,-0.0000,10.15,29.40,44,1.080,1,97.5
76596.309,+0.0550,+0.1800,0.0133,0.2500,0.0075,1.425,0.956,0.637,-0.270,1.3469,107.7518,3.3713,-0.0000,6.1000,3.0000,120.2314,-0.0000,10.15,29.40,44,1.080,1,97.5
76596.343,+0.0550,+0.1800,0.0133,0.2500,0.0075,1.425,0.956,0.637,-0.270,1.3469,107.7518,3.3713,-0.0000,6.1000,3.0000,120.2314,-0.0000,10.15,29.40,44,1.080,1,97.5
76596.378,+0.0550,+0.1402,0.0133,0.2500,0.0075,1.456,0.936,0.601,-0.269,1.3469,107.7518,3.3713,-0.0000,6.1000,3.0000,120.2314,-0.0000,10.15,29.40,44,1.080,1,97.5
76596.413,+0.0550,+0.1767,0.0133,0.2500,0.0075,1.456,0.936,0.601,-0.269,1.3469,107.7518,3.3713,-0.0000,6.1000,3.0000,120.2314,-0.0000,8.71,29.40,44,1.080,1,83.1
76596.446,+0.0550,+0.1767,0.0133,0.2500,0.0075,1.531,0.885,0.555,-0.263,1.3469,107.7518,3.3713,-0.0000,6.1000,3.0000,120.2314,-0.0000,8.71,29.41,44,1.080,1,83.1
76596.478,+0.0550,+0.2205,0.0133,0.2500,0.0075,1.531,0.885,0.555,-0.263,1.3469,107.7518,3.3713,-0.0000,6.1000,3.0000,120.2314,-0.0000,8.71,29.41,44,1.080,1,83.1
76596.511,+0.0550,+0.1800,0.0133,0.2500,0.0075,1.531,0.885,0.555,-0.263,1.3469,107.7518,3.3713,-0.0000,6.1000,3.0000,120.2314,-0.0000,8.71,29.41,44,1.080,1,83.1
76596.544,+0.0860,+0.1386,0.0133,0.2500,0.0075,1.518,0.856,-0.006,-0.240,1.3469,107.7518,3.3713,-0.0000,6.1000,3.0000,120.2314,-0.0000,8.71,29.41,44,1.080,1,83.1
76596.578,+0.0575,+0.2175,0.0133,0.2500,0.0075,1.518,0.856,-0.006,-0.240,1.3469,107.7518,3.3713,-0.0000,6.1000,3.0000,120.2314,-0.0000,8.71,29.41,44,1.080,1,83.1
76596.610,+0.0575,+0.1800,0.0133,0.2500,0.0075,1.518,0.856,-0.006,-0.240,1.3469,107.7518,3.3713,-0.0000,6.1000,3.0000,120.2314,-0.0000,8.17,29.41,44,1.080,1,77.7
76596.646,+0.0575,+0.1407,0.0133,0.2500,0.0075,1.605,0.809,0.871,-0.250,1.3469,107.7518,3.3713,-0.0000,6.1000,3.0000,120.2314,-0.0000,8.17,29.42,44,1.080,1,77.7
76596.683,+0.0575,+0.1767,0.0133,0.2500,0.0075,1.605,0.809,0.871,-0.250,1.3469,107.7518,3.3713,-0.0000,6.1000,3.0000,120.2314,-0.0000,8.17,29.42,44,1.080,1,77.7
76596.714,+0.0902,+0.2203,0.0133,0.2500,0.0075,1.605,0.809,0.871,-0.250,1.3469,107.7518,3.3713,-0.0000,6.1000,3.0000,120.2314,-0.0000,8.17,29.42,44,1.080,1,77.7
76596.744,+0.0600,+0.1341,0.0133,0.2500,0.0075,1.605,0.809,0.871,-0.250,1.3469,107.7518,3.3713,-0.0000,6.1000,3.0000,120.2314,-0.0000,8.17,29.42,44,1.080,1,77.7
76596.781,+0.0600,+0.1767,0.0200,0.2487,0.0088,1.731,0.765,0.817,-0.248,1.3469,107.7518,3.3713,-0.0000,6.1000,3.0000,120.2314,-0.0000,8.17,29.43,44,0.580,1,77.7
76596.811,+0.0600,+0.1767,0.0200,0.2487,0.0088,1.731,0.765,0.817,-0.248,1.3469,107.7518,3.3713,-0.0000,6.1000,3.0000,120.2314,-0.0000,8.17,29.43,44,0.580,1,77.7
76596.843,+0.0600,+0.1767,0.0200,0.2487,0.0088,1.760,0.756,1.144,-0.252,1.3469,107.7518,3.3713,-0.0000,6.1000,3.0000,120.2314,-0.0000,8.17,29.43,44,0.580,1,77.7
76596.881,+0.0879,+0.1767,0.0200,0.2487,0.0088,1.760,0.756,1.144,-0.252,1.3469,107.7518,3.3713,-0.0000,6.1000,3.0000,120.2314,-0.0000,8.17,29.43,44,0.580,1,77.7
76596.913,+0.0625,+0.1767,0.0200,0.2487,0.0088,1.760,0.756,1.144,-0.252,1.3469,107.7518,3.3713,-0.0000,6.1000,3.0000,120.2314,-0.0000,8.17,29.43,44,0.580,1,77.7
76596.944,+0.0625,+0.1767,0.0200,0.2487,0.0088,1.760,0.756,1.144,-0.252,1.3469,107.7518,3.3713,-0.0000,6.1000,3.0000,120.2314,-0.0000,7.07,29.43,44,0.580,1,67.0
76596.978,+0.0929,+0.1361,0.0200,0.2487,0.0088,1.902,0.716,1.214,-0.205,1.3469,107.7518,3.3713,-0.0000,6.1000,3.0000,120.2314,-0.0000,7.07,29.44,44,0.580,1,67.0
76597.013,+0.0352,+0.2130,0.0200,0.2487,0.0088,1.902,0.716,1.214,-0.205,1.3469,107.7518,3.3713,-0.0000,6.1000,3.0000,120.2314,-0.0000,7.07,29.44,44,0.580,1,67.0
76597.044,+0.1283,+0.1767,0.0200,0.2487,0.0088,2.034,0.708,1.164,-0.162,1.3469,107.7518,3.3713,-0.0000,6.1000,3.0000,120.2314,-0.0000,7.07,29.45,44,0.580,1,67.0
76597.079,+0.0675,+0.1372,0.0200,0.2487,0.0088,2.034,0.708,1.164,-0.162,1.3469,107.7518,3.3713,-0.0000,6.1000,3.0000,120.2314,-0.0000,7.07,29.45,44,0.580,1,67.0
76597.113,+0.0675,+0.1733,0.0200,0.2487,0.0088,2.034,0.708,1.164,-0.162,1.3469,107.7518,3.3713,-0.0000,6.1000,3.0000,120.2314,-0.0000,7.07,29.45,44,0.580,1,67.0
76597.146,+0.0675,+0.1733,0.0200,0.2487,0.0088,2.184,0.664,1.169,-0.237,1.3469,107.7518,3.3713,-0.0000,6.1000,3.0000,120.2314,-0.0000,7.07,29.46,44,0.580,1,67.0
76597.179,+0.0363,+0.1733,0.0200,0.2487,0.0088,2.184,0.664,1.169,-0.237,1.3469,107.7518,3.3713,-0.0000,6.1000,3.0000,120.2314,-0.0000,7.07,29.46,44,0.580,1,67.0
76597.207,+0.1008,+0.1256,0.0200,0.2487,0.0088,2.184,0.664,1.169,-0.237,1.3469,107.7518,3.3713,-0.0000,6.1000,3.0000,120.2314,-0.0000,7.07,29.46,44,0.580,1,67.0
76597.240,+0.1310,+0.1700,0.0200,0.2487,0.0088,2.221,0.652,1.167,-0.240,1.3469,107.7518,3.3713,-0.0000,6.1000,3.0000,120.2314,-0.0000,7.07,29.46,44,0.580,1,67.0
76597.279,+0.0191,+0.1700,0.0200,0.2487,0.0088,2.221,0.652,1.167,-0.240,1.3469,107.7518,3.3713,-0.0000,6.1000,3.0000,120.2314,-0.0000,6.02,29.46,44,0.580,1,56.9
76597.314,+0.1271,+0.1700,0.0200,0.2487,0.0088,2.221,0.652,1.167,-0.240,1.3469,107.7518,3.3713,-0.0000,6.1000,3.0000,120.2314,-0.0000,6.02,29.46,44,0.380,1,56.9
76597.350,+0.0725,+0.1311,0.0333,0.2437,0.0163,2.221,0.652,1.167,-0.240,1.3469,107.7518,3.3713,-0.0000,6.1000,3.0000,120.2314,-0.0000,6.02,29.46,44,0.380,1,56.9
76597.378,+0.0014,+0.1667,0.0333,0.2437,0.0163,2.445,0.590,1.187,-0.199,1.3469,107.7518,3.3713,-0.0000,6.1000,3.0000,120.2314,-0.0000,6.02,29.48,44,0.380,1,56.9
76597.412,+0.1607,+0.1667,0.0333,0.2437,0.0163,2.445,0.590,1.187,-0.199,1.3469,107.7518,3.3713,-0.0000,6.1000,3.0000,120.2314,-0.0000,6.02,29.48,44,0.380,1,56.9
76597.445,+0.0750,+0.1667,0.0333,0.2437,0.0163,2.496,0.577,1.194,-0.165,1.3469,107.7518,3.3713,-0.0000,6.1000,3.0000,120.2314,-0.0000,6.02,29.48,44,0.380,1,56.9
76597.483,+0.0750,+0.1301,0.0333,0.2437,0.0163,2.496,0.577,1.194,-0.165,1.3469,107.7518,3.3713,-0.0000,6.1000,3.0000,120.2314,-0.0000,6.02,29.48,44,0.380,1,56.9
76597.514,+0.0750,+0.1633,0.0333,0.2437,0.0163,2.496,0.577,1.194,-0.165,1.3469,107.7518,3.3713,-0.0000,6.1000,3.0000,120.2314,-0.0000,6.02,29.48,44,0.380,1,56.9
76597.546,+0.0750,+0.1633,0.0333,0.2437,0.0163,2.502,0.576,1.203,-0.161,1.3469,107.7518,3.3713,-0.0000,6.1000,3.0000,120.2314,-0.0000,6.02,29.48,44,0.380,1,56.9
76597.580,+0.0750,+0.1235,0.0333,0.2437,0.0163,2.502,0.576,1.203,-0.161,1.3469,107.7518,3.3713,-0.0000,6.1000,3.0000,120.2314,-0.0000,6.02,29.48,44,0.380,1,56.9
76597.612,+0.0420,+0.1600,0.0333,0.2437,0.0163,2.502,0.576,1.203,-0.161,1.3469,107.7518,3.3713,-0.0000,6.1000,3.0000,120.2314,-0.0000,4.83,29.48,44,0.380,1,45.7
76597.642,+0.1401,+0.1600,0.0333,0.2437,0.0163,2.890,0.516,1.833,-0.161,1.3469,107.7518,3.3713,-0.0000,6.1000,3.0000,120.2314,-0.0000,4.83,29.50,44,0.380,1,45.7
76597.677,+0.0775,+0.1600,0.0333,0.2437,0.0163,2.890,0.516,1.833,-0.161,1.3469,107.7518,3.3713,-0.0000,6.1000,3.0000,120.2314,-0.0000,4.83,29.50,44,0.380,1,45.7
76597.712,+0.1073,+0.0805,0.0333,0.2437,0.0163,2.890,0.516,1.833,-0.161,1.3469,107.7518,3.3713,-0.0000,6.1000,3.0000,120.2314,-0.0000,4.83,29.50,44,0.380,1,45.7
76597.746,+0.0800,+0.1533,0.0333,0.2437,0.0163,2.958,0.507,1.790,-0.142,1.3469,107.7518,3.3713,-0.0000,6.1000,3.0000,120.2314,-0.0000,4.83,29.50,44,0.380,1,45.7
76597.779,+0.0800,+0.1118,0.0000,0.2375,0.0025,2.958,0.507,1.790,-0.142,1.3469,107.7518,3.3713,-0.0000,6.1000,3.0000,120.2314,-0.0000,4.83,29.50,44,-0.600,1,45.7
76597.813,+0.0800,+0.1500,0.0000,0.2375,0.0025,2.958,0.507,1.790,-0.142,1.3469,107.7518,3.3713,-0.0000,6.1000,3.0000,120.2314,-0.0000,4.83,29.50,44,-0.600,1,45.7
76597.845,+0.1740,+0.1082,0.0000,0.2375,0.0025,2.958,0.507,1.790,-0.142,1.3469,107.7518,3.3713,-0.0000,6.1000,3.0000,120.2314,-0.0000,4.83,29.50,44,-0.600,1,45.7
76597.883,+0.0037,+0.1467,0.0000,0.2375,0.0025,2.844,0.476,-0.510,-0.162,1.3469,107.7518,3.3713,-0.0000,6.1000,3.0000,120.2314,-0.0000,4.83,29.52,44,-0.600,1,45.7
76597.911,+0.1526,+0.0982,0.0000,0.2375,0.0025,2.844,0.476,-0.510,-0.162,1.3469,107.7518,3.3713,-0.0000,6.1000,3.0000,120.2314,-0.0000,4.83,29.52,44,-0.600,1,45.7
76597.943,+0.1168,+0.1009,0.0000,0.2375,0.0025,2.844,0.476,-0.510,-0.162,1.3469,107.7518,3.3713,-0.0000,6.1000,3.0000,120.2314,-0.0000,5.50,29.52,44,-0.600,1,33.1
76597.977,+0.1487,+0.0992,0.0000,0.2375,0.0025,2.549,0.442,-0.642,-0.153,1.3469,107.7518,3.3713,-0.0000,6.1000,3.0000,120.2314,-0.0000,5.50,29.53,44,-0.600,1,33.1
76598.011,+0.0616,+0.1367,0.0000,0.2375,0.0025,2.549,0.442,-0.642,-0.153,1.3469,107.7518,3.3713,-0.0000,6.1000,3.0000,120.2314,-0.0000,5.50,29.53,44,-0.600,1,33.1
76598.043,+0.1862,+0.0084,0.0000,0.2375,0.0025,2.462,0.340,-0.627,-0.960,1.3469,107.7518,3.3713,-0.0000,6.1000,3.0000,120.2314,-0.0000,5.50,29.54,44,-0.600,1,33.1
76598.083,+0.1763,+0.0916,0.0000,0.2375,0.0025,2.462,0.340,-0.627,-0.960,1.3469,107.7518,3.3713,-0.0000,6.1000,3.0000,120.2314,-0.0000,5.50,29.54,44,-0.600,1,33.1
76598.112,+0.0697,+0.1233,0.0000,0.2375,0.0025,2.462,0.340,-0.627,-0.960,1.3469,107.7518,3.3713,-0.0000,6.1000,3.0000,120.2314,-0.0000,5.50,29.54,44,-0.600,1,33.1
76598.145,+0.1944,+0.2050,0.0000,0.2375,0.0025,2.368,0.217,-0.613,-0.960,1.3469,107.7518,3.3713,-0.0000,6.1000,3.0000,120.2314,-0.0000,5.50,29.55,44,-0.600,1,33.1
76598.179,+0.1722,+0.0471,0.0000,0.2375,0.0025,2.368,0.217,-0.613,-0.960,1.3469,107.7518,3.3713,-0.0000,6.1000,3.0000,120.2314,-0.0000,5.50,29.55,44,-0.600,1,33.1
76598.213,+0.1455,+0.0420,0.0000,0.2375,0.0025,2.368,0.217,-0.613,-0.960,1.3469,107.7518,3.3713,-0.0000,6.1000,3.0000,120.2314,-0.0000,5.50,29.55,44,-0.600,1,33.1
76598.246,+0.1486,-0.0078,0.0000,0.2375,0.0025,2.368,0.217,-0.613,-0.960,1.3469,107.7518,3.3713,-0.0000,6.1000,3.0000,120.2314,-0.0000,5.50,29.55,44,-0.600,1,33.1
76598.282,+0.1489,+0.1451,0.0000,0.2375,0.0025,2.327,0.162,-0.587,-0.962,1.3469,107.7518,3.3713,-0.0000,6.1000,3.0000,120.2314,-0.0000,4.49,29.55,44,-0.600,1,24.0
76598.312,+0.2231,+0.1100,0.0000,0.2375,0.0025,2.327,0.162,-0.587,-0.962,1.3469,107.7518,3.3713,-0.0000,6.1000,3.0000,120.2314,-0.0000,4.49,29.55,44,-0.600,1,24.0
76598.343,+0.1966,-0.0232,0.0000,0.2375,0.0025,2.327,0.162,-0.587,-0.962,1.3469,107.7518,3.3713,-0.0000,6.1000,3.0000,120.2314,-0.0000,4.49,29.55,44,-0.600,1,24.0
76598.375,+0.3314,-0.0746,0.0000,0.2375,0.0025,2.377,0.077,0.669,-0.906,1.3469,107.7518,3.3713,-0.0000,6.1000,3.0000,120.2314,-0.0000,4.49,29.56,44,-0.600,1,24.0
76598.410,+0.4116,-0.0296,0.0867,0.2100,0.0000,2.377,0.077,0.669,-0.906,1.3469,107.7518,3.3713,-0.0000,6.1000,3.0000,120.2314,-0.0000,4.49,29.56,44,-2.080,1,24.0
76598.445,+0.2936,-0.0041,0.0867,0.2100,0.0000,2.509,0.041,1.227,-0.078,1.3469,107.7518,3.3713,-0.0000,6.1000,3.0000,120.2314,-0.0000,4.49,29.57,44,-2.080,1,24.0
76598.479,+0.2123,-0.2085,0.0867,0.2100,0.0000,2.509,0.041,1.227,-0.078,1.3469,107.7518,3.3713,-0.0000,6.1000,3.0000,120.2314,-0.0000,4.49,29.57,44,-2.080,1,24.0
76598.510,+0.2183,-0.0422,0.0867,0.2100,0.0000,2.509,0.041,1.227,-0.078,1.3469,107.7518,3.3713,-0.0000,6.1000,3.0000,120.2314,-0.0000,4.49,29.57,44,-2.080,1,24.0
76598.542,+0.3470,+0.1676,0.0867,0.2100,0.0000,2.679,-0.031,1.207,-0.671,1.3469,107.7518,3.3713,-0.0000,6.1000,3.0000,120.2314,-0.0000,4.49,29.59,43,-2.080,1,24.0
76598.578,+0.2866,-0.2581,0.0867,0.2100,0.0000,2.679,-0.031,1.207,-0.671,1.3469,107.7518,3.3713,-0.0000,6.1000,3.0000,120.2314,-0.0000,4.49,29.59,43,-2.080,1,24.0
76598.609,+0.6102,+0.0233,0.0867,0.2100,0.0000,2.679,-0.031,1.207,-0.671,1.3469,107.7518,3.3713,-0.0000,6.1000,3.0000,120.2314,-0.0000,3.20,29.59,43,-2.080,1,12.8
76598.645,+0.6683,-0.3213,0.0867,0.2100,0.0000,2.679,-0.031,1.207,-0.671,1.3469,107.7518,3.3713,-0.0000,6.1000,3.0000,120.2314,-0.0000,3.20,29.59,43,-2.080,1,12.8
76598.679,+0.4279,-0.8629,0.0867,0.2100,0.0000,2.679,-0.031,1.207,-0.671,1.3469,107.7518,3.3713,-0.0000,6.1000,3.0000,120.2314,-0.0000,3.20,29.59,43,-2.080,1,12.8
76598.711,-0.0071,+0.3597,0.0867,0.2100,0.0000,2.679,-0.031,1.207,-0.671,1.3469,107.7518,3.3713,-0.0000,6.1000,3.0000,120.2314,-0.0000,3.20,29.59,43,-2.080,1,12.8
76598.745,+0.0213,-1.2000,0.0867,0.2100,0.0000,2.679,-0.031,1.207,-0.671,1.3469,107.7518,3.3713,-0.0000,6.1000,3.0000,120.2314,-0.0000,3.20,29.59,43,-2.080,1,12.8
76598.777,+0.1487,-0.1344,0.0867,0.2100,0.0000,2.679,-0.031,1.207,-0.671,1.3469,107.7518,3.3713,-0.0000,6.1000,3.0000,120.2314,-0.0000,3.20,29.59,43,-2.080,1,12.8
76598.811,-0.0977,-0.0508,0.0867,0.2100,0.0000,3.903,-0.193,8.455,-1.495,1.3469,107.7518,3.3713,-0.0000,6.1000,3.0000,120.2314,-0.0000,2.72,29.61,42,-2.080,1,8.8
76598.847,+0.0102,-0.2000,-0.0267,0.0800,0.0000,3.903,-0.193,8.455,-1.495,1.3469,107.7518,3.3713,-0.0000,6.1000,3.0000,120.2314,-0.0000,2.72,29.61,42,-13.740,1,8.8
76598.880,-1.0000,-0.2000,-0.0267,0.0800,0.0000,3.903,-0.193,8.455,-1.495,1.3469,107.7518,3.3713,-0.0000,6.1000,3.0000,120.2314,-0.0000,2.72,29.61,42,-13.740,1,8.8
76598.911,+0.0649,-0.2000,-0.0267,0.0800,0.0000,3.903,-0.193,8.455,-1.495,1.3469,107.7518,3.3713,-0.0000,6.1000,3.0000,120.2314,-0.0000,2.72,29.61,42,-13.740,1,8.8
76598.943,-1.0000,-0.2000,-0.0267,0.0800,0.0000,3.903,-0.193,8.455,-1.495,1.3469,107.7518,3.3713,-0.0000,6.1000,3.0000,120.2314,-0.0000,2.72,29.61,42,-13.740,1,8.8
76598.979,+0.0000,-0.2000,-0.0267,0.0800,0.0000,3.903,-0.193,8.455,-1.495,1.3469,107.7518,3.3713,-0.0000,6.1000,3.0000,120.2314,-0.0000,2.72,29.61,42,-13.740,1,8.8
76599.014,+0.0000,-0.2000,-0.0267,0.0800,0.0000,3.903,-0.193,8.455,-1.495,1.3469,107.7518,3.3713,-0.0000,6.1000,3.0000,120.2314,-0.0000,2.72,29.61,42,-13.740,1,8.8
76599.054,+0.0000,-0.2000,-0.0267,0.0800,0.0000,15.514,12.063,127.555,152.917,1.3469,107.7518,3.3713,-0.0000,6.1000,3.0000,120.2314,-0.0000,2.64,12.19,41,-13.740,1,2.3
76599.084,+0.0000,-0.2000,-1.0000,-0.7987,0.0138,15.514,12.063,127.555,152.917,1.3469,107.7518,3.3713,-0.0000,6.1000,3.0000,120.2314,-0.0000,2.64,12.19,41,-5.530,1,2.3
76599.119,+1.0000,-0.9028,-1.0000,-0.7987,0.0138,15.514,12.063,127.555,152.917,1.3469,107.7518,3.3713,-0.0000,6.1000,3.0000,120.2314,-0.0000,2.64,12.19,41,-5.530,1,2.3
76599.149,+1.0000,-1.2000,-1.0000,-0.7987,0.0138,15.514,12.063,127.555,152.917,1.3469,107.7518,3.3713,-0.0000,6.1000,3.0000,120.2314,-0.0000,2.64,12.19,41,-5.530,1,2.3
76599.182,+1.0000,-1.2000,-1.0000,-0.7987,0.0138,15.514,12.063,127.555,152.917,1.3469,107.7518,3.3713,-0.0000,6.1000,3.0000,120.2314,-0.0000,2.64,12.19,41,-5.530,1,2.3
76599.216,+1.0000,-1.2000,-1.0000,-0.7987,0.0138,15.514,12.063,127.555,152.917,1.3469,107.7518,3.3713,-0.0000,6.1000,3.0000,120.2314,-0.0000,2.64,12.19,41,-5.530,1,2.3
76599.255,+1.0000,-1.0000,-1.0000,-0.7987,0.0138,15.514,12.063,127.555,152.917,1.3469,107.7518,3.3713,-0.0000,6.1000,3.0000,120.2314,-0.0000,2.64,12.19,41,-5.530,0,2.3
76599.284,+1.0000,-1.0000,-1.0000,-0.7987,0.0138,15.514,12.063,127.555,152.917,1.3469,107.7518,3.3713,-0.0000,6.1000,3.0000,120.2314,-0.0000,2.64,12.19,41,-5.530,0,2.3
76599.317,+1.0000,-1.0000,-1.0000,-0.7987,0.0138,15.514,12.063,127.555,152.917,1.3469,107.7518,3.3713,-0.0000,6.1000,3.0000,120.2314,-0.0000,2.64,12.19,41,-8.760,0,2.3
76599.348,+1.0000,-1.0000,-1.0000,-0.6388,-0.3613,82.647,52.387,142.092,73.692,1.3469,107.7518,3.3713,-0.0000,6.1000,3.0000,120.2314,-0.0000,5.27,12.44,36,-8.760,0,4.0
76599.383,+1.0000,-1.0000,-1.0000,-0.6388,-0.3613,82.647,52.387,142.092,73.692,1.3469,107.7518,3.3713,-0.0000,6.1000,3.0000,120.2314,-0.0000,5.27,12.44,36,-8.760,0,4.0
76599.415,+1.0000,-1.0000,-1.0000,-0.6388,-0.3613,82.647,52.387,142.092,73.692,1.3469,107.7518,3.3713,-0.0000,6.1000,3.0000,120.2314,-0.0000,5.27,12.44,36,-8.760,0,4.0
76599.452,+1.0000,-1.0000,-1.0000,-0.6388,-0.3613,82.647,52.387,142.092,73.692,1.3469,107.7518,3.3713,-0.0000,6.1000,3.0000,120.2314,-0.0000,5.27,12.44,36,-8.760,0,4.0
76599.480,+1.0000,-1.0000,-1.0000,-0.6388,-0.3613,82.647,52.387,142.092,73.692,1.3469,107.7518,3.3713,-0.0000,6.1000,3.0000,120.2314,-0.0000,5.27,12.44,36,-8.760,0,4.0
76599.514,+1.0000,-1.0000,-1.0000,-0.6388,-0.3613,82.647,52.387,142.092,73.692,1.3469,107.7518,3.3713,-0.0000,6.1000,3.0000,120.2314,-0.0000,5.27,12.44,36,-8.760,0,4.0
