timestamp_s,errorx,errory,aileron,elevator,roll_deg,pitch_deg,roll_rate_dps,pitch_rate_dps,pid_roll_desired,pid_roll_P,pid_roll_I,pid_roll_D,pid_pitch_desired,pid_pitch_P,pid_pitch_I,pid_pitch_D,alt_rel_m,groundspeed_ms,throttle_pct,nav_pitch_deg,target_locked,dist_m
77444.881,+0.0000,-0.2667,0.2014,0.2329,-0.643,-0.852,-0.296,0.694,0.0000,0.0000,0.0000,0.0000,0.0000,0.0000,0.0000,0.0000,59.79,30.83,45,-0.040,0,724.9
77444.931,+0.0000,-0.2667,0.2014,0.2329,-0.658,-0.811,-0.003,0.695,0.0000,0.0000,0.0000,0.0000,0.0000,0.0000,0.0000,0.0000,59.79,30.83,45,-0.040,0,724.9
77444.980,+0.2475,-0.0267,0.2014,0.2329,-0.639,-0.760,-0.028,0.693,0.0000,0.0000,0.0000,0.0000,0.0000,0.0000,0.0000,0.0000,59.79,30.83,43,-0.040,1,724.9
77445.028,+0.2475,-0.0267,0.2014,0.2329,-0.639,-0.760,-0.028,0.693,0.0000,0.0000,0.0000,0.0000,0.0000,0.0000,0.0000,0.0000,59.79,30.83,43,-0.040,0,724.9
77445.066,+0.2610,-0.0447,0.2014,0.2329,-0.639,-0.760,-0.028,0.693,0.0000,0.0000,0.0000,0.0000,0.0000,0.0000,0.0000,0.0000,59.79,30.83,43,-0.040,1,724.9
77445.105,+0.2500,-0.0300,0.2014,0.2329,-0.468,-1.316,1.300,-4.063,0.0000,0.0000,0.0000,0.0000,0.0000,0.0000,0.0000,0.0000,59.63,30.82,45,-0.040,1,714.6
77445.145,+0.2500,-0.0650,0.1957,0.2500,-0.468,-1.316,1.300,-4.063,0.0000,0.0000,0.0000,0.0000,0.0000,0.0000,0.0000,0.0000,59.63,30.82,45,-2.700,1,714.6
77445.185,+0.2759,-0.0679,0.1957,0.2500,-0.425,-1.421,1.146,-3.117,0.0000,0.0000,0.0000,0.0000,0.0000,0.0000,0.0000,0.0000,59.63,30.82,45,-2.700,1,714.6
77445.225,+0.2525,-0.0010,0.1957,0.2500,-0.425,-1.421,1.146,-3.117,0.0000,0.0000,0.0000,0.0000,0.0000,0.0000,0.0000,0.0000,59.63,30.82,45,-2.700,1,714.6
77445.265,+0.2525,-0.0010,0.1957,0.2500,-0.425,-1.421,1.146,-3.117,0.0000,0.0000,0.0000,0.0000,0.0000,0.0000,0.0000,0.0000,59.63,30.82,45,-2.700,0,714.6
77445.305,+0.2525,+0.0625,0.1957,0.2500,-0.250,-1.276,1.274,2.116,0.0000,0.0000,0.0000,0.0000,0.0000,0.0000,0.0000,0.0000,59.63,30.83,45,-2.700,1,714.6
77445.344,+0.2525,+0.1260,0.1957,0.2500,-0.150,-1.404,1.244,-1.913,0.0000,0.0000,0.0000,0.0000,0.0000,0.0000,0.0000,0.0000,59.63,30.83,35,-2.700,1,714.6
77445.383,+0.2525,-0.0740,0.1957,0.2500,-0.150,-1.404,1.244,-1.913,0.0000,0.0000,0.0000,0.0000,0.0000,0.0000,0.0000,0.0000,59.41,30.83,35,-2.700,1,705.0
77445.422,+0.2797,-0.0825,0.1957,0.2500,-0.150,-1.404,1.244,-1.913,0.0000,0.0000,0.0000,0.0000,0.0000,0.0000,0.0000,0.0000,59.41,30.83,35,-2.700,1,705.0
77445.460,+0.2550,+0.0564,0.1957,0.2500,0.262,-1.113,3.942,4.774,0.0000,0.0000,0.0000,0.0000,0.0000,0.0000,0.0000,0.0000,59.41,30.84,45,-2.700,1,705.0
77445.534,+0.2550,+0.0308,0.1957,0.2500,0.494,-0.883,3.899,3.600,0.0000,0.0000,0.0000,0.0000,0.0000,0.0000,0.0000,0.0000,59.41,30.84,44,-2.700,1,705.0
77445.599,+0.2721,-0.0261,0.1957,0.2500,0.494,-0.883,3.899,3.600,0.0000,0.0000,0.0000,0.0000,0.0000,0.0000,0.0000,0.0000,59.41,30.84,44,-2.700,1,705.0
77445.650,+0.2575,-0.1191,0.1129,0.3471,0.494,-0.883,3.899,3.600,0.0000,0.0000,0.0000,0.0000,0.0000,0.0000,0.0000,0.0000,59.41,30.84,44,-10.130,1,705.0
77445.691,+0.2315,-0.0547,0.1129,0.3471,0.386,-0.851,-0.474,2.218,0.0000,0.0000,0.0000,0.0000,0.0000,0.0000,0.0000,0.0000,59.23,30.83,45,-10.130,1,695.0
77445.735,+0.2790,-0.0554,0.1129,0.3471,0.386,-0.851,-0.474,2.218,0.0000,0.0000,0.0000,0.0000,0.0000,0.0000,0.0000,0.0000,59.23,30.83,45,-10.130,1,695.0
77445.780,+0.2575,-0.0899,0.1129,0.3471,0.386,-0.851,-0.474,2.218,0.0000,0.0000,0.0000,0.0000,0.0000,0.0000,0.0000,0.0000,59.23,30.83,45,-10.130,1,695.0
77445.824,+0.2336,-0.0652,0.1129,0.3471,0.217,-1.006,-0.437,-0.962,0.0000,0.0000,0.0000,0.0000,0.0000,0.0000,0.0000,0.0000,59.23,30.82,39,-10.130,1,695.0
77445.887,+0.2550,-0.0134,0.1129,0.3471,-0.116,-1.507,-3.053,-0.871,0.0000,0.0000,0.0000,0.0000,0.0000,0.0000,0.0000,0.0000,59.23,30.82,44,-10.130,1,695.0
77446.056,+0.2550,-0.0116,0.1129,0.3471,-0.116,-1.507,-3.053,-0.871,0.0000,0.0000,0.0000,0.0000,0.0000,0.0000,0.0000,0.0000,59.23,30.82,44,-10.130,1,695.0
77446.113,+0.2550,+0.1530,0.2814,0.2614,-0.268,-2.883,-3.012,-11.953,0.0000,0.0000,0.0000,0.0000,0.0000,0.0000,0.0000,0.0000,58.98,30.82,39,11.060,1,683.6
77446.165,+0.2550,+0.2986,0.2814,0.2614,-0.097,-3.228,4.360,-8.230,0.0000,0.0000,0.0000,0.0000,0.0000,0.0000,0.0000,0.0000,58.98,30.82,35,11.060,1,683.6
77446.213,+0.2327,+0.3306,0.2814,0.2614,0.343,-5.028,2.756,-8.236,0.0000,0.0000,0.0000,0.0000,0.0000,0.0000,0.0000,0.0000,58.52,30.86,45,11.060,1,675.8
77446.261,+0.2749,+0.3052,0.2814,0.2614,0.343,-5.028,2.756,-8.236,0.0000,0.0000,0.0000,0.0000,0.0000,0.0000,0.0000,0.0000,58.52,30.86,45,11.060,1,675.8
77446.304,+0.2749,+0.3052,0.2814,0.2614,0.393,-5.205,2.504,-8.221,0.0000,0.0000,0.0000,0.0000,0.0000,0.0000,0.0000,0.0000,58.52,30.86,45,11.060,0,675.8
77446.354,+0.2749,+0.3052,0.2814,0.2614,0.393,-5.205,2.504,-8.221,0.0000,0.0000,0.0000,0.0000,0.0000,0.0000,0.0000,0.0000,58.52,30.86,45,11.060,0,675.8
77446.405,+0.2459,+0.2870,0.2814,0.2614,1.382,-5.979,-1.751,-7.949,0.0000,0.0000,0.0000,0.0000,0.0000,0.0000,0.0000,0.0000,58.52,30.90,45,11.060,1,675.8
77446.455,+0.2525,+0.5216,0.2986,0.1557,2.573,-6.645,13.216,-6.793,0.0000,0.0000,0.0000,0.0000,0.0000,0.0000,0.0000,0.0000,58.52,30.93,44,1.810,1,675.8
77446.502,+0.2525,+0.5216,0.2986,0.1557,2.573,-6.645,13.216,-6.793,0.0000,0.0000,0.0000,0.0000,0.0000,0.0000,0.0000,0.0000,58.52,30.93,44,1.810,0,675.8
77446.546,+0.2525,+0.5216,0.2986,0.1557,2.573,-6.645,13.216,-6.793,0.0000,0.0000,0.0000,0.0000,0.0000,0.0000,0.0000,0.0000,58.52,30.93,44,1.810,0,675.8
77446.590,+0.2430,+0.4823,0.2986,0.1557,3.919,-5.276,12.470,7.355,0.0000,0.0000,0.0000,0.0000,0.0000,0.0000,0.0000,0.0000,57.56,31.03,25,1.810,1,666.0
77446.639,+0.2500,+0.2959,0.2986,0.1557,4.278,-4.663,25.273,9.736,0.0000,0.0000,0.0000,0.0000,0.0000,0.0000,0.0000,0.0000,57.56,31.12,45,1.810,1,666.0
77446.685,+0.2731,+0.3317,0.2986,0.1557,4.278,-4.663,25.273,9.736,0.0000,0.0000,0.0000,0.0000,0.0000,0.0000,0.0000,0.0000,57.56,31.12,45,1.810,1,666.0
77446.736,+0.2731,+0.3317,0.2986,0.1557,4.278,-4.663,25.273,9.736,0.0000,0.0000,0.0000,0.0000,0.0000,0.0000,0.0000,0.0000,57.56,31.12,45,1.810,0,666.0
77446.787,+0.2731,+0.3317,0.2986,0.1557,3.837,-4.240,-6.308,7.190,0.0000,0.0000,0.0000,0.0000,0.0000,0.0000,0.0000,0.0000,57.56,31.16,45,1.810,0,666.0
77446.836,+0.2173,-0.0166,0.2986,0.1557,2.473,-3.393,-11.469,7.363,0.0000,0.0000,0.0000,0.0000,0.0000,0.0000,0.0000,0.0000,57.56,31.23,32,1.810,1,666.0
77446.882,+0.2173,-0.0166,0.2986,0.1557,2.473,-3.393,-11.469,7.363,0.0000,0.0000,0.0000,0.0000,0.0000,0.0000,0.0000,0.0000,56.63,31.23,32,1.810,0,655.5
77446.928,+0.2173,-0.0166,0.0600,0.3286,4.475,-2.927,-11.096,7.544,0.0000,0.0000,0.0000,0.0000,0.0000,0.0000,0.0000,0.0000,56.63,31.29,45,-24.920,0,655.5
77446.973,+0.2237,-0.0074,0.0600,0.3286,4.601,-2.859,0.466,4.744,0.0000,0.0000,0.0000,0.0000,0.0000,0.0000,0.0000,0.0000,56.63,31.30,45,-24.920,1,655.5
77447.018,+0.2137,+0.1400,0.0600,0.3286,4.601,-2.859,0.466,4.744,0.0000,0.0000,0.0000,0.0000,0.0000,0.0000,0.0000,0.0000,56.63,31.30,45,-24.920,1,655.5
77447.060,+0.2137,+0.1400,0.0600,0.3286,4.601,-2.859,0.466,4.744,0.0000,0.0000,0.0000,0.0000,0.0000,0.0000,0.0000,0.0000,56.63,31.30,45,-24.920,0,655.5
77447.107,+0.1953,-0.1424,0.0600,0.3286,3.837,-3.013,-11.818,-6.045,0.0000,0.0000,0.0000,0.0000,0.0000,0.0000,0.0000,0.0000,56.63,31.32,22,-24.920,1,655.5
77447.150,+0.2763,+0.1192,0.0600,0.3286,3.837,-3.013,-11.818,-6.045,0.0000,0.0000,0.0000,0.0000,0.0000,0.0000,0.0000,0.0000,56.63,31.32,22,-24.920,1,655.5
77447.192,+0.2073,+0.0900,0.0600,0.3286,2.722,-4.445,-10.853,-9.846,0.0000,0.0000,0.0000,0.0000,0.0000,0.0000,0.0000,0.0000,56.03,31.32,22,-24.920,1,644.6
77447.241,+0.2300,+0.0608,0.0600,0.3286,2.394,-5.314,0.077,-8.867,0.0000,0.0000,0.0000,0.0000,0.0000,0.0000,0.0000,0.0000,56.03,31.32,45,-24.920,1,644.6
77447.290,+0.1647,+0.4347,0.0600,0.3286,2.394,-5.314,0.077,-8.867,0.0000,0.0000,0.0000,0.0000,0.0000,0.0000,0.0000,0.0000,56.03,31.32,45,-24.920,1,644.6
77447.339,+0.2006,+0.3020,0.0600,0.3286,2.394,-5.314,0.077,-8.867,0.0000,0.0000,0.0000,0.0000,0.0000,0.0000,0.0000,0.0000,56.03,31.32,45,-24.920,1,644.6
77447.387,+0.1529,+0.4449,0.2414,0.0986,2.322,-3.915,-0.356,-1.249,0.0000,0.0000,0.0000,0.0000,0.0000,0.0000,0.0000,0.0000,56.03,31.37,22,15.230,1,644.6
77447.439,+0.2125,+0.2632,0.2414,0.0986,2.322,-3.915,-0.356,-1.249,0.0000,0.0000,0.0000,0.0000,0.0000,0.0000,0.0000,0.0000,56.03,31.37,22,15.230,1,644.6
77447.490,+0.1915,+0.3302,0.2414,0.0986,-0.464,-3.270,-0.373,8.819,0.0000,0.0000,0.0000,0.0000,0.0000,0.0000,0.0000,0.0000,55.08,31.44,22,15.230,1,632.1
77447.543,+0.1915,+0.3302,0.2414,0.0986,-0.988,-3.208,-18.621,4.301,0.0000,0.0000,0.0000,0.0000,0.0000,0.0000,0.0000,0.0000,55.08,31.44,45,15.230,0,632.1
77447.596,+0.1871,-0.1596,0.2414,0.0986,-0.988,-3.208,-18.621,4.301,0.0000,0.0000,0.0000,0.0000,0.0000,0.0000,0.0000,0.0000,55.08,31.44,45,15.230,1,632.1
77447.638,+0.2050,+0.0597,0.2414,0.0986,1.263,-2.725,-23.270,3.120,0.0000,0.0000,0.0000,0.0000,0.0000,0.0000,0.0000,0.0000,55.08,31.47,45,15.230,1,632.1
77447.684,+0.2050,-0.0679,0.2414,0.0986,1.263,-2.725,-23.270,3.120,0.0000,0.0000,0.0000,0.0000,0.0000,0.0000,0.0000,0.0000,55.08,31.47,45,15.230,1,632.1
77447.728,+0.1574,-0.0904,0.2414,0.0986,5.233,-2.432,44.443,4.128,0.0000,0.0000,0.0000,0.0000,0.0000,0.0000,0.0000,0.0000,54.66,31.47,22,15.230,1,624.2
77447.775,+0.1774,+0.0498,0.2414,0.0986,5.233,-2.432,44.443,4.128,0.0000,0.0000,0.0000,0.0000,0.0000,0.0000,0.0000,0.0000,54.66,31.47,22,-24.800,1,624.2
77447.819,+0.2458,-0.0842,-0.0600,0.3000,7.770,-2.294,27.394,1.877,0.0000,0.0000,0.0000,0.0000,0.0000,0.0000,0.0000,0.0000,54.66,31.48,45,-24.800,1,624.2
77447.864,+0.2742,+0.0600,-0.0600,0.3000,7.770,-2.294,27.394,1.877,0.0000,0.0000,0.0000,0.0000,0.0000,0.0000,0.0000,0.0000,54.66,31.48,45,-24.800,1,624.2
77447.907,+0.2585,+0.0600,-0.0600,0.3000,7.770,-2.294,27.394,1.877,0.0000,0.0000,0.0000,0.0000,0.0000,0.0000,0.0000,0.0000,54.66,31.48,45,-24.800,1,624.2
77447.948,+0.2664,+0.1285,-0.0600,0.3000,4.721,-2.848,1.134,-3.010,0.0000,0.0000,0.0000,0.0000,0.0000,0.0000,0.0000,0.0000,54.66,31.46,45,-24.800,1,624.2
77447.991,+0.1955,+0.0012,-0.0600,0.3000,4.721,-2.848,1.134,-3.010,0.0000,0.0000,0.0000,0.0000,0.0000,0.0000,0.0000,0.0000,54.66,31.46,45,-24.800,1,624.2
77448.033,+0.1919,+0.0941,-0.0600,0.3000,3.641,-2.925,-12.322,-2.883,0.0000,0.0000,0.0000,0.0000,0.0000,0.0000,0.0000,0.0000,54.66,31.46,45,-24.800,1,624.2
77448.075,+0.1653,+0.1627,-0.0600,0.3000,3.641,-2.925,-12.322,-2.883,0.0000,0.0000,0.0000,0.0000,0.0000,0.0000,0.0000,0.0000,54.66,31.46,45,-24.800,1,624.2
77448.119,+0.1141,+0.1373,-0.0600,0.3000,3.641,-2.925,-12.322,-2.883,0.0000,0.0000,0.0000,0.0000,0.0000,0.0000,0.0000,0.0000,54.66,31.46,45,-24.800,1,624.2
77448.160,+0.1739,+0.0800,-0.0600,0.3000,3.641,-2.925,-12.322,-2.883,0.0000,0.0000,0.0000,0.0000,0.0000,0.0000,0.0000,0.0000,54.66,31.46,45,-24.800,1,624.2
77448.200,+0.1715,+0.0800,-0.0600,0.3000,3.641,-2.925,-12.322,-2.883,0.0000,0.0000,0.0000,0.0000,0.0000,0.0000,0.0000,0.0000,54.13,31.46,45,-24.800,1,612.4
77448.241,+0.1440,+0.0121,-0.0600,0.3000,-1.959,-2.931,-21.129,0.472,0.0000,0.0000,0.0000,0.0000,0.0000,0.0000,0.0000,0.0000,54.13,31.45,45,-24.800,1,612.4
77448.284,+0.1408,+0.0405,0.1400,0.4886,-4.217,-3.366,-21.146,0.013,0.0000,0.0000,0.0000,0.0000,0.0000,0.0000,0.0000,0.0000,54.13,31.45,45,-11.240,1,612.4
77448.329,+0.1141,-0.0246,0.1400,0.4886,-4.217,-3.366,-21.146,0.013,0.0000,0.0000,0.0000,0.0000,0.0000,0.0000,0.0000,0.0000,54.13,31.45,45,-11.240,1,612.4
77448.370,+0.1514,+0.0252,0.1400,0.4886,-4.619,-3.639,-19.029,-9.893,0.0000,0.0000,0.0000,0.0000,0.0000,0.0000,0.0000,0.0000,53.69,31.45,45,-11.240,1,603.6
77448.412,+0.1503,+0.0238,0.1400,0.4886,-2.887,-4.924,-18.200,-12.508,0.0000,0.0000,0.0000,0.0000,0.0000,0.0000,0.0000,0.0000,53.69,31.44,45,-11.240,1,603.6
77448.456,+0.1725,+0.0208,0.1400,0.4886,-2.887,-4.924,-18.200,-12.508,0.0000,0.0000,0.0000,0.0000,0.0000,0.0000,0.0000,0.0000,53.69,31.44,45,-11.240,1,603.6
77448.499,+0.1725,+0.1478,0.1400,0.4886,-2.887,-4.924,-18.200,-12.508,0.0000,0.0000,0.0000,0.0000,0.0000,0.0000,0.0000,0.0000,53.69,31.44,45,-11.240,1,603.6
77448.539,+0.1725,+0.1647,0.1400,0.4886,0.505,-5.697,32.707,-8.689,0.0000,0.0000,0.0000,0.0000,0.0000,0.0000,0.0000,0.0000,53.69,31.44,41,-11.240,1,603.6
77448.581,+0.1725,+0.3708,0.1400,0.4886,0.505,-5.697,32.707,-8.689,0.0000,0.0000,0.0000,0.0000,0.0000,0.0000,0.0000,0.0000,53.69,31.44,41,-11.240,1,603.6
77448.622,+0.2496,+0.6480,0.1400,0.4886,2.415,-5.790,31.268,-1.314,0.0000,0.0000,0.0000,0.0000,0.0000,0.0000,0.0000,0.0000,53.69,31.45,22,-11.240,1,603.6
77448.665,+0.2496,+0.6480,0.1400,0.4886,2.415,-5.790,31.268,-1.314,0.0000,0.0000,0.0000,0.0000,0.0000,0.0000,0.0000,0.0000,52.76,31.45,22,-11.240,0,592.2
77448.710,+0.2065,+0.3479,0.4057,0.2629,2.415,-5.790,31.268,-1.314,0.0000,0.0000,0.0000,0.0000,0.0000,0.0000,0.0000,0.0000,52.76,31.45,22,20.000,1,592.2
77448.757,+0.2081,+0.3747,0.4057,0.2629,12.040,-5.773,53.319,-3.738,0.0000,0.0000,0.0000,0.0000,0.0000,0.0000,0.0000,0.0000,52.76,31.52,30,20.000,1,592.2
77448.802,+0.1875,+0.3672,0.4057,0.2629,13.723,-5.533,53.278,1.957,0.0000,0.0000,0.0000,0.0000,0.0000,0.0000,0.0000,0.0000,52.76,31.55,45,20.000,1,592.2
77448.847,+0.2111,+0.3525,0.4057,0.2629,16.428,-5.016,52.962,7.570,0.0000,0.0000,0.0000,0.0000,0.0000,0.0000,0.0000,0.0000,52.76,31.63,43,20.000,1,592.2
77448.893,+0.2111,+0.3525,0.4057,0.2629,16.428,-5.016,52.962,7.570,0.0000,0.0000,0.0000,0.0000,0.0000,0.0000,0.0000,0.0000,52.76,31.63,43,20.000,0,592.2
77448.939,+0.1387,+0.3425,0.4057,0.2629,16.428,-5.016,52.962,7.570,0.0000,0.0000,0.0000,0.0000,0.0000,0.0000,0.0000,0.0000,51.81,31.63,43,20.000,1,582.8
77448.986,+0.1576,+0.2003,0.4057,0.2629,16.414,-4.814,0.637,5.302,0.0000,0.0000,0.0000,0.0000,0.0000,0.0000,0.0000,0.0000,51.81,31.66,36,20.000,1,582.8
77449.033,+0.1089,+0.1924,0.4057,0.2629,9.827,-5.112,-10.804,4.607,0.0000,0.0000,0.0000,0.0000,0.0000,0.0000,0.0000,0.0000,51.81,31.70,30,20.000,1,582.8
77449.079,+0.1700,+0.2155,0.4057,0.2629,9.827,-5.112,-10.804,4.607,0.0000,0.0000,0.0000,0.0000,0.0000,0.0000,0.0000,0.0000,51.81,31.70,30,20.000,1,582.8
77449.126,-0.0567,+0.0620,0.1829,0.3800,5.079,-4.683,-60.762,1.878,0.0000,0.0000,0.0000,0.0000,0.0000,0.0000,0.0000,0.0000,51.81,31.73,45,-10.110,1,582.8
77449.171,+0.1214,+0.1918,0.1829,0.3800,5.079,-4.683,-60.762,1.878,0.0000,0.0000,0.0000,0.0000,0.0000,0.0000,0.0000,0.0000,51.81,31.73,45,-10.110,1,582.8
77449.214,+0.1214,+0.1918,0.1829,0.3800,1.732,-5.101,-36.904,4.762,0.0000,0.0000,0.0000,0.0000,0.0000,0.0000,0.0000,0.0000,50.79,31.77,45,-10.110,0,571.0
77449.256,-0.0887,-0.0339,0.1829,0.3800,1.732,-5.101,-36.904,4.762,0.0000,0.0000,0.0000,0.0000,0.0000,0.0000,0.0000,0.0000,50.79,31.77,45,-10.110,1,571.0
77449.300,+0.0519,+0.1092,0.1829,0.3800,2.722,-5.429,16.119,-5.093,0.0000,0.0000,0.0000,0.0000,0.0000,0.0000,0.0000,0.0000,50.79,31.77,45,-10.110,1,571.0
77449.341,+0.0437,+0.0298,0.1829,0.3800,2.722,-5.429,16.119,-5.093,0.0000,0.0000,0.0000,0.0000,0.0000,0.0000,0.0000,0.0000,50.79,31.77,45,-10.110,1,571.0
77449.383,+0.0399,+0.1533,0.1829,0.3800,4.653,-6.789,18.317,-8.016,0.0000,0.0000,0.0000,0.0000,0.0000,0.0000,0.0000,0.0000,50.79,31.76,45,-10.110,1,571.0
77449.426,+0.0602,+0.3185,0.1829,0.3800,4.653,-6.789,18.317,-8.016,0.0000,0.0000,0.0000,0.0000,0.0000,0.0000,0.0000,0.0000,49.87,31.76,45,-10.110,1,561.9
77449.468,+0.0825,+0.2370,0.1829,0.3800,7.137,-6.479,19.980,-9.618,0.0000,0.0000,0.0000,0.0000,0.0000,0.0000,0.0000,0.0000,49.87,31.79,22,-10.110,1,561.9
77449.513,+0.1539,+0.4938,0.1829,0.3800,7.137,-6.479,19.980,-9.618,0.0000,0.0000,0.0000,0.0000,0.0000,0.0000,0.0000,0.0000,49.87,31.79,22,-10.110,1,561.9
77449.553,+0.0900,+0.7294,0.3286,0.1857,7.137,-6.479,19.980,-9.618,0.0000,0.0000,0.0000,0.0000,0.0000,0.0000,0.0000,0.0000,49.87,31.79,22,20.000,1,561.9
77449.597,+0.0900,+0.2925,0.3286,0.1857,9.709,-5.832,20.162,0.838,0.0000,0.0000,0.0000,0.0000,0.0000,0.0000,0.0000,0.0000,49.87,31.86,22,20.000,1,561.9
77449.639,+0.0651,+0.2302,0.3286,0.1857,9.709,-5.832,20.162,0.838,0.0000,0.0000,0.0000,0.0000,0.0000,0.0000,0.0000,0.0000,49.87,31.86,22,20.000,1,561.9
77449.681,+0.0376,+0.1934,0.3286,0.1857,10.347,-5.407,15.866,11.161,0.0000,0.0000,0.0000,0.0000,0.0000,0.0000,0.0000,0.0000,49.87,31.89,45,20.000,1,561.9
77449.726,+0.0345,+0.2533,0.3286,0.1857,12.572,-4.405,16.903,10.390,0.0000,0.0000,0.0000,0.0000,0.0000,0.0000,0.0000,0.0000,48.80,31.98,45,20.000,1,551.4
77449.768,+0.0345,+0.2533,0.3286,0.1857,13.066,-4.505,15.175,4.917,0.0000,0.0000,0.0000,0.0000,0.0000,0.0000,0.0000,0.0000,48.80,32.00,22,20.000,0,551.4
77449.812,+0.0345,+0.2533,0.3286,0.1857,13.066,-4.505,15.175,4.917,0.0000,0.0000,0.0000,0.0000,0.0000,0.0000,0.0000,0.0000,48.80,32.00,22,20.000,0,551.4
77449.853,+0.0177,-0.0125,0.3286,0.1857,13.066,-4.505,15.175,4.917,0.0000,0.0000,0.0000,0.0000,0.0000,0.0000,0.0000,0.0000,48.80,32.00,22,20.000,1,551.4
77449.899,-0.0973,-0.2091,0.3286,0.1857,13.953,-4.721,12.186,-1.091,0.0000,0.0000,0.0000,0.0000,0.0000,0.0000,0.0000,0.0000,48.80,32.01,45,20.000,1,551.4
77449.942,+0.0698,+0.1433,-0.0443,0.1557,8.810,-4.381,8.660,-0.276,0.0000,0.0000,0.0000,0.0000,0.0000,0.0000,0.0000,0.0000,48.80,32.02,45,-24.690,1,551.4
77449.985,-0.0265,+0.1762,-0.0443,0.1557,8.810,-4.381,8.660,-0.276,0.0000,0.0000,0.0000,0.0000,0.0000,0.0000,0.0000,0.0000,48.80,32.02,45,-24.690,1,551.4
77450.027,-0.0352,+0.2135,-0.0443,0.1557,8.810,-4.381,8.660,-0.276,0.0000,0.0000,0.0000,0.0000,0.0000,0.0000,0.0000,0.0000,48.80,32.02,45,-24.690,1,551.4
77450.067,+0.0061,+0.1533,-0.0443,0.1557,8.810,-4.381,8.660,-0.276,0.0000,0.0000,0.0000,0.0000,0.0000,0.0000,0.0000,0.0000,48.80,32.02,45,-24.690,1,551.4
77450.110,-0.0673,+0.0885,-0.0443,0.1557,0.407,-4.684,-52.853,7.706,0.0000,0.0000,0.0000,0.0000,0.0000,0.0000,0.0000,0.0000,47.88,32.06,45,-24.690,1,539.4
77450.152,-0.1820,-0.0890,-0.0443,0.1557,-4.485,-5.397,-52.920,1.575,0.0000,0.0000,0.0000,0.0000,0.0000,0.0000,0.0000,0.0000,47.88,32.04,45,-24.690,1,539.4
77450.194,-0.0507,+0.0557,-0.0443,0.1557,-4.485,-5.397,-52.920,1.575,0.0000,0.0000,0.0000,0.0000,0.0000,0.0000,0.0000,0.0000,47.88,32.04,45,-24.690,1,539.4
77450.236,-0.1049,-0.0499,-0.0443,0.1557,-4.485,-5.397,-52.920,1.575,0.0000,0.0000,0.0000,0.0000,0.0000,0.0000,0.0000,0.0000,47.88,32.04,45,-24.690,1,539.4
77450.282,-0.1309,+0.4708,-0.0443,0.1557,1.101,-6.141,-41.937,-6.435,0.0000,0.0000,0.0000,0.0000,0.0000,0.0000,0.0000,0.0000,47.88,32.04,45,-24.690,1,539.4
77450.331,-0.0494,+0.4315,-0.0443,0.1557,1.101,-6.141,-41.937,-6.435,0.0000,0.0000,0.0000,0.0000,0.0000,0.0000,0.0000,0.0000,47.88,32.04,45,-24.690,1,539.4
77450.373,-0.0300,+0.2067,-0.0443,0.1557,1.101,-6.141,-41.937,-6.435,0.0000,0.0000,0.0000,0.0000,0.0000,0.0000,0.0000,0.0000,47.13,32.04,45,-24.690,1,530.8
77450.418,-0.0064,+0.3027,0.1243,0.1557,6.454,-6.695,56.465,-3.198,0.0000,0.0000,0.0000,0.0000,0.0000,0.0000,0.0000,0.0000,47.13,32.07,22,20.000,1,530.8
77450.463,-0.0040,+0.3468,0.1243,0.1557,6.454,-6.695,56.465,-3.198,0.0000,0.0000,0.0000,0.0000,0.0000,0.0000,0.0000,0.0000,47.13,32.07,22,20.000,1,530.8
77450.511,-0.0024,+0.2669,0.1243,0.1557,7.441,-7.279,16.570,-3.705,0.0000,0.0000,0.0000,0.0000,0.0000,0.0000,0.0000,0.0000,47.13,32.09,26,20.000,1,530.8
77450.554,+0.0258,+0.3421,0.1243,0.1557,7.441,-7.279,16.570,-3.705,0.0000,0.0000,0.0000,0.0000,0.0000,0.0000,0.0000,0.0000,47.13,32.09,26,20.000,1,530.8
77450.599,-0.0415,+0.3547,0.1243,0.1557,7.350,-7.489,-2.155,-4.475,0.0000,0.0000,0.0000,0.0000,0.0000,0.0000,0.0000,0.0000,47.13,32.10,45,20.000,1,530.8
77450.641,-0.0200,+0.2736,0.1243,0.1557,7.127,-7.128,-1.673,-4.426,0.0000,0.0000,0.0000,0.0000,0.0000,0.0000,0.0000,0.0000,45.70,32.16,39,20.000,1,518.3
77450.685,-0.0439,+0.3071,0.1243,0.1557,7.127,-7.128,-1.673,-4.426,0.0000,0.0000,0.0000,0.0000,0.0000,0.0000,0.0000,0.0000,45.70,32.16,39,20.000,1,518.3
77450.729,-0.0710,+0.4761,0.1243,0.1557,7.127,-7.128,-1.673,-4.426,0.0000,0.0000,0.0000,0.0000,0.0000,0.0000,0.0000,0.0000,45.70,32.16,39,20.000,1,518.3
77450.769,-0.0790,+0.3077,0.1243,0.1557,7.751,-6.521,-1.453,0.877,0.0000,0.0000,0.0000,0.0000,0.0000,0.0000,0.0000,0.0000,45.70,32.23,45,20.000,1,518.3
77450.813,-0.0808,+0.2123,0.1243,0.1557,7.751,-6.521,-1.453,0.877,0.0000,0.0000,0.0000,0.0000,0.0000,0.0000,0.0000,0.0000,45.70,32.23,45,20.000,1,518.3
77450.860,-0.1512,+0.2397,0.0429,0.0829,7.312,-5.474,7.335,11.456,0.0000,0.0000,0.0000,0.0000,0.0000,0.0000,0.0000,0.0000,45.70,32.33,45,-24.750,1,518.3
77450.911,-0.0713,+0.2099,0.0429,0.0829,6.058,-5.118,11.437,9.954,0.0000,0.0000,0.0000,0.0000,0.0000,0.0000,0.0000,0.0000,44.61,32.36,45,-24.750,1,508.7
77450.957,-0.1453,-0.0183,0.0429,0.0829,2.543,-5.327,-25.484,5.283,0.0000,0.0000,0.0000,0.0000,0.0000,0.0000,0.0000,0.0000,44.61,32.40,39,-24.750,1,508.7
77450.999,-0.0625,+0.1304,0.0429,0.0829,2.543,-5.327,-25.484,5.283,0.0000,0.0000,0.0000,0.0000,0.0000,0.0000,0.0000,0.0000,44.61,32.40,39,-24.750,1,508.7
77451.041,-0.1134,-0.0517,0.0429,0.0829,2.543,-5.327,-25.484,5.283,0.0000,0.0000,0.0000,0.0000,0.0000,0.0000,0.0000,0.0000,44.61,32.40,39,-24.750,1,508.7
77451.082,-0.0419,+0.1592,0.0429,0.0829,-1.831,-5.066,-46.366,0.747,0.0000,0.0000,0.0000,0.0000,0.0000,0.0000,0.0000,0.0000,44.61,32.43,45,-24.750,1,508.7
77451.126,-0.2789,-0.0635,0.0429,0.0829,-1.831,-5.066,-46.366,0.747,0.0000,0.0000,0.0000,0.0000,0.0000,0.0000,0.0000,0.0000,44.61,32.43,45,-24.750,1,508.7
77451.169,-0.1125,+0.1967,0.0429,0.0829,-2.740,-4.945,-14.922,2.142,0.0000,0.0000,0.0000,0.0000,0.0000,0.0000,0.0000,0.0000,44.61,32.45,45,-24.750,1,508.7
77451.210,-0.1153,+0.2004,0.0429,0.0829,-2.740,-4.945,-14.922,2.142,0.0000,0.0000,0.0000,0.0000,0.0000,0.0000,0.0000,0.0000,43.61,32.45,45,-24.750,1,497.5
77451.254,-0.1657,+0.1700,0.3629,0.3257,-5.201,-6.066,-12.806,-4.860,0.0000,0.0000,0.0000,0.0000,0.0000,0.0000,0.0000,0.0000,43.61,32.46,22,20.000,1,497.5
77451.299,-0.1234,+0.1388,0.3629,0.3257,-5.201,-6.066,-12.806,-4.860,0.0000,0.0000,0.0000,0.0000,0.0000,0.0000,0.0000,0.0000,43.61,32.46,22,20.000,1,497.5
77451.340,-0.1025,+0.2689,0.3629,0.3257,-5.201,-6.066,-12.806,-4.860,0.0000,0.0000,0.0000,0.0000,0.0000,0.0000,0.0000,0.0000,43.61,32.46,22,20.000,1,497.5
77451.381,-0.1025,+0.2450,0.3629,0.3257,-7.928,-7.119,-18.202,-7.562,0.0000,0.0000,0.0000,0.0000,0.0000,0.0000,0.0000,0.0000,43.61,32.47,26,20.000,1,497.5
77451.423,-0.0523,+0.5178,0.3629,0.3257,-7.928,-7.119,-18.202,-7.562,0.0000,0.0000,0.0000,0.0000,0.0000,0.0000,0.0000,0.0000,43.61,32.47,26,20.000,1,497.5
77451.466,-0.0725,+0.2834,0.3629,0.3257,-7.928,-7.119,-18.202,-7.562,0.0000,0.0000,0.0000,0.0000,0.0000,0.0000,0.0000,0.0000,43.61,32.47,26,20.000,1,497.5
77451.509,-0.1193,+0.2557,0.3629,0.3257,-7.928,-7.119,-18.202,-7.562,0.0000,0.0000,0.0000,0.0000,0.0000,0.0000,0.0000,0.0000,43.61,32.47,26,20.000,1,497.5
77451.549,-0.0190,+0.7333,0.3629,0.3257,-7.865,-8.145,-17.912,-6.387,0.0000,0.0000,0.0000,0.0000,0.0000,0.0000,0.0000,0.0000,42.23,32.49,22,20.000,1,484.9
77451.592,-0.0900,+0.2867,0.3629,0.3257,-7.865,-8.145,-17.912,-6.387,0.0000,0.0000,0.0000,0.0000,0.0000,0.0000,0.0000,0.0000,42.23,32.49,22,20.000,1,484.9
77451.633,-0.0642,+0.3553,0.3629,0.3257,-7.865,-8.145,-17.912,-6.387,0.0000,0.0000,0.0000,0.0000,0.0000,0.0000,0.0000,0.0000,42.23,32.49,22,20.000,1,484.9
77451.675,-0.0627,+0.3926,0.1657,0.0229,-3.844,-7.366,32.266,-6.269,0.0000,0.0000,0.0000,0.0000,0.0000,0.0000,0.0000,0.0000,42.23,32.54,22,20.000,1,484.9
77451.724,-0.0412,+0.4786,0.1657,0.0229,-2.819,-6.983,32.323,-0.932,0.0000,0.0000,0.0000,0.0000,0.0000,0.0000,0.0000,0.0000,42.23,32.57,45,20.000,1,484.9
77451.770,-0.0567,+0.5097,0.1657,0.0229,-5.402,-6.319,30.134,11.006,0.0000,0.0000,0.0000,0.0000,0.0000,0.0000,0.0000,0.0000,43.14,32.67,22,20.000,1,476.7
77451.818,-0.0553,+0.2247,0.1657,0.0229,-5.402,-6.319,30.134,11.006,0.0000,0.0000,0.0000,0.0000,0.0000,0.0000,0.0000,0.0000,43.14,32.67,22,20.000,1,476.7
77451.861,-0.0750,-0.0634,0.1657,0.0229,-5.014,-5.536,-27.298,4.826,0.0000,0.0000,0.0000,0.0000,0.0000,0.0000,0.0000,0.0000,43.14,32.76,45,20.000,1,476.7
77451.907,-0.0519,+0.1055,0.1657,0.0229,-5.014,-5.536,-27.298,4.826,0.0000,0.0000,0.0000,0.0000,0.0000,0.0000,0.0000,0.0000,43.14,32.76,45,20.000,1,476.7
77451.952,-0.0248,+0.0154,0.1657,0.0229,-5.014,-5.536,-27.298,4.826,0.0000,0.0000,0.0000,0.0000,0.0000,0.0000,0.0000,0.0000,43.14,32.76,45,20.000,1,476.7
77451.995,-0.0675,+0.1784,0.1657,0.0229,-0.318,-4.303,32.767,6.176,0.0000,0.0000,0.0000,0.0000,0.0000,0.0000,0.0000,0.0000,43.14,32.83,41,20.000,1,476.7
77452.037,-0.0675,+0.1695,0.1657,0.0229,-0.253,-4.285,32.750,6.322,0.0000,0.0000,0.0000,0.0000,0.0000,0.0000,0.0000,0.0000,43.14,32.83,45,20.000,1,476.7
77452.081,-0.0675,+0.1977,0.1657,0.0229,-0.253,-4.285,32.750,6.322,0.0000,0.0000,0.0000,0.0000,0.0000,0.0000,0.0000,0.0000,42.10,32.83,45,20.000,1,466.1
77452.124,-0.0431,-0.0985,0.1157,0.2357,0.382,-4.289,32.080,8.466,0.0000,0.0000,0.0000,0.0000,0.0000,0.0000,0.0000,0.0000,42.10,32.87,26,-0.640,1,466.1
77452.169,-0.0171,-0.0623,0.1157,0.2357,0.382,-4.289,32.080,8.466,0.0000,0.0000,0.0000,0.0000,0.0000,0.0000,0.0000,0.0000,42.10,32.87,26,-0.640,1,466.1
77452.210,-0.0600,+0.1325,0.1157,0.2357,-0.678,-4.883,-5.512,-9.648,0.0000,0.0000,0.0000,0.0000,0.0000,0.0000,0.0000,0.0000,42.10,32.84,45,-0.640,1,466.1
77452.252,+0.0407,-0.4410,0.1157,0.2357,-0.678,-4.883,-5.512,-9.648,0.0000,0.0000,0.0000,0.0000,0.0000,0.0000,0.0000,0.0000,42.10,32.84,45,-0.640,1,466.1
77452.296,-0.0739,+0.1990,0.1157,0.2357,-1.258,-5.040,-14.081,-3.439,0.0000,0.0000,0.0000,0.0000,0.0000,0.0000,0.0000,0.0000,42.10,32.84,22,-0.640,1,466.1
77452.337,-0.0525,+0.2842,0.1157,0.2357,-1.258,-5.040,-14.081,-3.439,0.0000,0.0000,0.0000,0.0000,0.0000,0.0000,0.0000,0.0000,42.10,32.84,22,-0.640,1,466.1
77452.379,-0.0775,+0.2300,0.1157,0.2357,-1.258,-5.040,-14.081,-3.439,0.0000,0.0000,0.0000,0.0000,0.0000,0.0000,0.0000,0.0000,41.28,32.84,22,-0.640,1,454.9
77452.421,-0.1303,+0.3408,0.1157,0.2357,-0.412,-4.716,-28.792,1.367,0.0000,0.0000,0.0000,0.0000,0.0000,0.0000,0.0000,0.0000,41.28,32.84,22,-0.640,1,454.9
77452.463,-0.0625,+0.1600,0.1157,0.2357,-0.412,-4.716,-28.792,1.367,0.0000,0.0000,0.0000,0.0000,0.0000,0.0000,0.0000,0.0000,41.28,32.84,22,-0.640,1,454.9
77452.507,-0.0864,+0.0963,0.1157,0.2357,0.516,-4.721,-7.295,0.720,0.0000,0.0000,0.0000,0.0000,0.0000,0.0000,0.0000,0.0000,41.28,32.84,45,-0.640,1,454.9
77452.549,-0.0399,+0.1198,0.0471,0.1557,3.627,-4.400,28.686,0.109,0.0000,0.0000,0.0000,0.0000,0.0000,0.0000,0.0000,0.0000,41.28,32.84,45,-11.100,1,454.9
77452.593,-0.0382,+0.1176,0.0471,0.1557,3.627,-4.400,28.686,0.109,0.0000,0.0000,0.0000,0.0000,0.0000,0.0000,0.0000,0.0000,41.28,32.84,45,-11.100,1,454.9
77452.634,-0.0600,+0.1467,0.0471,0.1557,3.627,-4.400,28.686,0.109,0.0000,0.0000,0.0000,0.0000,0.0000,0.0000,0.0000,0.0000,40.35,32.84,45,-11.100,1,442.8
77452.674,-0.0600,+0.1467,0.0471,0.1557,5.701,-3.854,28.521,5.185,0.0000,0.0000,0.0000,0.0000,0.0000,0.0000,0.0000,0.0000,40.35,32.85,37,-11.100,1,442.8
77452.718,-0.0359,+0.1146,0.0471,0.1557,5.701,-3.854,28.521,5.185,0.0000,0.0000,0.0000,0.0000,0.0000,0.0000,0.0000,0.0000,40.35,32.85,37,-11.100,1,442.8
77452.759,-0.0575,+0.0056,0.0471,0.1557,2.209,-3.647,-65.395,4.113,0.0000,0.0000,0.0000,0.0000,0.0000,0.0000,0.0000,0.0000,40.35,32.84,45,-11.100,1,442.8
77452.802,-0.0575,-0.0025,0.0471,0.1557,2.209,-3.647,-65.395,4.113,0.0000,0.0000,0.0000,0.0000,0.0000,0.0000,0.0000,0.0000,40.35,32.84,45,-11.100,1,442.8
77452.843,-0.0575,-0.0196,0.0471,0.1557,-5.499,-4.692,-67.520,-1.262,0.0000,0.0000,0.0000,0.0000,0.0000,0.0000,0.0000,0.0000,40.35,32.82,40,-11.100,1,442.8
77452.886,-0.1066,+0.0052,0.0471,0.1557,-7.523,-5.183,-69.027,-4.288,0.0000,0.0000,0.0000,0.0000,0.0000,0.0000,0.0000,0.0000,39.68,32.80,45,-11.100,1,433.5
77452.930,-0.1343,+0.1571,0.0471,0.1557,-7.523,-5.183,-69.027,-4.288,0.0000,0.0000,0.0000,0.0000,0.0000,0.0000,0.0000,0.0000,39.68,32.80,45,-11.100,1,433.5
77452.972,-0.1200,+0.2334,-0.0786,0.2871,-3.535,-6.135,32.864,-4.250,0.0000,0.0000,0.0000,0.0000,0.0000,0.0000,0.0000,0.0000,39.68,32.80,45,-6.750,1,433.5
77453.018,-0.2149,+0.4554,-0.0786,0.2871,-3.535,-6.135,32.864,-4.250,0.0000,0.0000,0.0000,0.0000,0.0000,0.0000,0.0000,0.0000,39.68,32.79,22,-6.750,1,433.5
77453.064,-0.1132,+0.3360,-0.0786,0.2871,-2.174,-6.617,32.433,-11.367,0.0000,0.0000,0.0000,0.0000,0.0000,0.0000,0.0000,0.0000,39.68,32.78,22,-6.750,1,433.5
77453.112,-0.0702,+0.2591,-0.0786,0.2871,-3.405,-7.589,32.122,-11.103,0.0000,0.0000,0.0000,0.0000,0.0000,0.0000,0.0000,0.0000,39.68,32.75,45,-6.750,1,433.5
77453.160,-0.0458,+0.2980,-0.0786,0.2871,-3.405,-7.589,32.122,-11.103,0.0000,0.0000,0.0000,0.0000,0.0000,0.0000,0.0000,0.0000,39.68,32.75,45,-6.750,1,433.5
77453.203,-0.0349,+0.3936,-0.0786,0.2871,-3.405,-7.589,32.122,-11.103,0.0000,0.0000,0.0000,0.0000,0.0000,0.0000,0.0000,0.0000,39.68,32.75,45,-6.750,1,433.5
77453.249,-0.0338,+0.3366,-0.0786,0.2871,-7.614,-6.386,-29.843,-9.184,0.0000,0.0000,0.0000,0.0000,0.0000,0.0000,0.0000,0.0000,38.26,32.78,44,-6.750,1,420.2
77453.294,-0.0280,+0.5398,-0.0786,0.2871,-7.614,-6.386,-29.843,-9.184,0.0000,0.0000,0.0000,0.0000,0.0000,0.0000,0.0000,0.0000,38.26,32.78,44,-6.750,1,420.2
77453.340,-0.0470,+0.5974,-0.0786,0.2871,-1.647,-5.433,-28.770,11.188,0.0000,0.0000,0.0000,0.0000,0.0000,0.0000,0.0000,0.0000,38.26,32.78,44,-6.750,1,420.2
77453.382,-0.0425,+0.3967,-0.0786,0.2871,-0.649,-5.314,17.863,7.837,0.0000,0.0000,0.0000,0.0000,0.0000,0.0000,0.0000,0.0000,38.26,32.78,44,-6.750,1,420.2
77453.432,-0.0434,+0.2202,-0.0786,0.2871,-0.649,-5.314,17.863,7.837,0.0000,0.0000,0.0000,0.0000,0.0000,0.0000,0.0000,0.0000,38.26,32.78,44,-6.750,1,420.2
77453.472,-0.0887,-0.2980,-0.0786,0.2871,4.337,-4.536,46.021,5.923,0.0000,0.0000,0.0000,0.0000,0.0000,0.0000,0.0000,0.0000,38.26,32.78,44,-6.750,1,420.2
77453.517,-0.0650,-0.0423,0.1314,0.0914,4.337,-4.536,46.021,5.923,0.0000,0.0000,0.0000,0.0000,0.0000,0.0000,0.0000,0.0000,37.29,32.94,40,6.010,1,410.4
77453.561,+0.0080,-0.0497,0.1314,0.0914,3.896,-3.663,48.501,8.774,0.0000,0.0000,0.0000,0.0000,0.0000,0.0000,0.0000,0.0000,37.29,32.94,40,6.010,1,410.4
77453.603,-0.0073,+0.0496,0.1314,0.0914,3.896,-3.663,48.501,8.774,0.0000,0.0000,0.0000,0.0000,0.0000,0.0000,0.0000,0.0000,37.29,32.94,40,6.010,1,410.4
77453.644,-0.0009,+0.0668,0.1314,0.0914,3.896,-3.663,48.501,8.774,0.0000,0.0000,0.0000,0.0000,0.0000,0.0000,0.0000,0.0000,37.29,32.94,40,6.010,1,410.4
77453.685,+0.0032,-0.1105,0.3486,0.2943,-6.919,-3.854,-22.544,2.198,0.0000,0.0000,0.0000,0.0000,0.0000,0.0000,0.0000,0.0000,36.77,32.95,34,2.650,1,402.6
77453.733,-0.0871,-0.1642,0.3486,0.2943,-8.657,-3.925,-58.509,-1.584,0.0000,0.0000,0.0000,0.0000,0.0000,0.0000,0.0000,0.0000,36.77,32.95,34,2.650,1,402.6
77453.777,-0.0717,+0.0356,0.3486,0.2943,-8.657,-3.925,-58.509,-1.584,0.0000,0.0000,0.0000,0.0000,0.0000,0.0000,0.0000,0.0000,36.77,32.95,34,2.650,1,402.6
77453.821,-0.2674,+0.0289,0.3486,0.2943,-12.865,-4.186,-33.999,-2.409,0.0000,0.0000,0.0000,0.0000,0.0000,0.0000,0.0000,0.0000,36.77,32.95,34,2.650,1,402.6
77453.862,-0.1994,+0.2220,0.3486,0.2943,-12.865,-4.186,-33.999,-2.409,0.0000,0.0000,0.0000,0.0000,0.0000,0.0000,0.0000,0.0000,36.77,32.95,34,2.650,1,402.6
77453.907,-0.1805,+0.2592,0.2171,0.1343,-7.575,-3.905,38.957,-1.676,0.0000,0.0000,0.0000,0.0000,0.0000,0.0000,0.0000,0.0000,36.19,32.91,22,20.000,1,393.9
77453.950,-0.1195,+0.2145,0.2171,0.1343,-7.575,-3.905,38.957,-1.676,0.0000,0.0000,0.0000,0.0000,0.0000,0.0000,0.0000,0.0000,36.19,32.91,22,20.000,1,393.9
77453.992,-0.0975,+0.2603,0.2171,0.1343,-7.575,-3.905,38.957,-1.676,0.0000,0.0000,0.0000,0.0000,0.0000,0.0000,0.0000,0.0000,36.19,32.91,22,20.000,1,393.9
77454.035,-0.0477,+0.1732,0.2171,0.1343,-10.409,-3.268,45.775,2.079,0.0000,0.0000,0.0000,0.0000,0.0000,0.0000,0.0000,0.0000,36.19,32.91,45,20.000,1,393.9
77454.079,+0.0281,+0.0147,0.2171,0.1343,-10.940,-3.108,-7.776,6.388,0.0000,0.0000,0.0000,0.0000,0.0000,0.0000,0.0000,0.0000,36.19,32.91,29,20.000,1,393.9
77454.123,+0.1337,-0.0283,0.2971,0.5857,-11.190,-2.491,-24.163,7.595,0.0000,0.0000,0.0000,0.0000,0.0000,0.0000,0.0000,0.0000,35.67,32.90,45,-24.520,1,385.3
77454.166,-0.0083,+0.0477,0.2971,0.5857,-11.190,-2.491,-24.163,7.595,0.0000,0.0000,0.0000,0.0000,0.0000,0.0000,0.0000,0.0000,35.67,32.90,45,-24.520,1,385.3
77454.206,-0.0263,+0.1067,0.2971,0.5857,-11.190,-2.491,-24.163,7.595,0.0000,0.0000,0.0000,0.0000,0.0000,0.0000,0.0000,0.0000,35.67,32.90,45,-24.520,1,385.3
77454.248,-0.0755,-0.1649,0.2971,0.5857,-11.190,-2.491,-24.163,7.595,0.0000,0.0000,0.0000,0.0000,0.0000,0.0000,0.0000,0.0000,35.67,32.90,45,-24.520,1,385.3
77454.291,-0.0525,-0.0190,0.2971,0.5857,-9.139,-2.902,15.218,6.205,0.0000,0.0000,0.0000,0.0000,0.0000,0.0000,0.0000,0.0000,35.67,32.87,22,-24.520,1,385.3
77454.334,-0.0525,-0.2242,-0.0900,0.4071,-2.116,-3.365,16.520,-6.367,0.0000,0.0000,0.0000,0.0000,0.0000,0.0000,0.0000,0.0000,35.29,32.82,45,-24.980,1,377.1
77454.379,+0.0182,-0.0857,-0.0900,0.4071,-2.116,-3.365,16.520,-6.367,0.0000,0.0000,0.0000,0.0000,0.0000,0.0000,0.0000,0.0000,35.29,32.82,45,-24.980,1,377.1
77454.422,+0.0776,+0.1902,-0.0900,0.4071,3.189,-3.577,86.284,-3.295,0.0000,0.0000,0.0000,0.0000,0.0000,0.0000,0.0000,0.0000,35.29,32.81,45,-24.980,1,377.1
77454.468,+0.0367,+0.1663,-0.0900,0.4071,3.189,-3.577,86.284,-3.295,0.0000,0.0000,0.0000,0.0000,0.0000,0.0000,0.0000,0.0000,35.29,32.81,45,-24.980,1,377.1
77454.518,+0.1248,+0.1423,-0.0900,0.4071,11.773,-4.257,85.728,-5.236,0.0000,0.0000,0.0000,0.0000,0.0000,0.0000,0.0000,0.0000,35.29,32.78,22,-24.980,1,377.1
77454.563,+0.1108,+0.1298,0.0557,0.0043,10.078,-4.892,85.119,-7.000,0.0000,0.0000,0.0000,0.0000,0.0000,0.0000,0.0000,0.0000,34.72,32.75,45,-4.210,1,367.9
77454.613,+0.0699,+0.1310,0.0557,0.0043,10.078,-4.892,85.119,-7.000,0.0000,0.0000,0.0000,0.0000,0.0000,0.0000,0.0000,0.0000,34.72,32.75,45,-4.210,1,367.9
77454.656,+0.1344,+0.3724,0.0557,0.0043,10.078,-4.892,85.119,-7.000,0.0000,0.0000,0.0000,0.0000,0.0000,0.0000,0.0000,0.0000,34.72,32.75,45,-4.210,1,367.9
77454.702,+0.0483,+0.1722,0.0557,0.0043,6.273,-5.617,-27.046,-3.965,0.0000,0.0000,0.0000,0.0000,0.0000,0.0000,0.0000,0.0000,34.72,32.74,45,-4.210,1,367.9
77454.746,-0.0208,+0.2775,0.0557,0.0043,5.745,-5.721,-25.131,-4.149,0.0000,0.0000,0.0000,0.0000,0.0000,0.0000,0.0000,0.0000,34.72,32.74,22,-4.210,1,367.9
77454.789,-0.0992,+0.2631,0.1100,0.2871,4.570,-6.375,-23.756,-4.238,0.0000,0.0000,0.0000,0.0000,0.0000,0.0000,0.0000,0.0000,33.89,32.74,45,-11.510,1,358.5
77454.832,-0.0885,+0.2451,0.1100,0.2871,4.570,-6.375,-23.756,-4.238,0.0000,0.0000,0.0000,0.0000,0.0000,0.0000,0.0000,0.0000,33.89,32.74,45,-11.510,1,358.5
77454.874,-0.0256,+0.2249,0.1100,0.2871,4.570,-6.375,-23.756,-4.238,0.0000,0.0000,0.0000,0.0000,0.0000,0.0000,0.0000,0.0000,33.89,32.74,45,-11.510,1,358.5
77454.919,-0.1678,+0.3838,0.1100,0.2871,3.407,-6.669,9.889,-4.826,0.0000,0.0000,0.0000,0.0000,0.0000,0.0000,0.0000,0.0000,33.89,32.75,45,-11.510,1,358.5
77454.961,-0.0698,+0.2862,0.2114,0.1000,3.407,-6.669,9.889,-4.826,0.0000,0.0000,0.0000,0.0000,0.0000,0.0000,0.0000,0.0000,33.32,32.75,45,20.000,1,353.2
77455.005,-0.0493,+0.3587,0.2114,0.1000,1.311,-6.845,-33.762,-2.658,0.0000,0.0000,0.0000,0.0000,0.0000,0.0000,0.0000,0.0000,33.32,32.76,22,20.000,1,353.2
77455.048,-0.0520,+0.2786,0.2114,0.1000,1.311,-6.845,-33.762,-2.658,0.0000,0.0000,0.0000,0.0000,0.0000,0.0000,0.0000,0.0000,33.32,32.76,22,20.000,1,353.2
77455.091,-0.0545,+0.3181,0.2114,0.1000,-2.255,-5.196,-33.659,2.005,0.0000,0.0000,0.0000,0.0000,0.0000,0.0000,0.0000,0.0000,33.32,32.82,45,20.000,1,353.2
77455.134,-0.0572,+0.2629,0.2971,0.3200,-6.112,-4.765,-33.247,8.998,0.0000,0.0000,0.0000,0.0000,0.0000,0.0000,0.0000,0.0000,32.54,32.87,22,8.190,1,345.3
77455.177,-0.0595,+0.1680,0.2971,0.3200,-6.112,-4.765,-33.247,8.998,0.0000,0.0000,0.0000,0.0000,0.0000,0.0000,0.0000,0.0000,32.54,32.87,22,8.190,1,345.3
77455.218,-0.1142,-0.3191,0.2971,0.3200,-6.112,-4.765,-33.247,8.998,0.0000,0.0000,0.0000,0.0000,0.0000,0.0000,0.0000,0.0000,32.54,32.87,22,8.190,1,345.3
77455.259,-0.0450,+0.1048,0.2971,0.3200,-5.708,-4.378,-31.059,1.781,0.0000,0.0000,0.0000,0.0000,0.0000,0.0000,0.0000,0.0000,32.54,32.89,45,8.190,1,345.3
77455.304,-0.0925,-0.0233,0.2971,0.3200,-4.391,-4.269,33.003,3.164,0.0000,0.0000,0.0000,0.0000,0.0000,0.0000,0.0000,0.0000,32.54,32.89,22,8.190,1,345.3
77455.345,-0.0500,+0.1129,0.1714,0.2686,-4.391,-4.269,33.003,3.164,0.0000,0.0000,0.0000,0.0000,0.0000,0.0000,0.0000,0.0000,31.87,32.89,22,8.190,1,336.8
77455.389,-0.0500,+0.1109,0.1714,0.2686,-1.469,-4.565,31.506,1.347,0.0000,0.0000,0.0000,0.0000,0.0000,0.0000,0.0000,0.0000,31.87,32.89,45,8.190,1,336.8
77455.431,+0.0001,+0.0733,0.1714,0.2686,-1.469,-4.565,31.506,1.347,0.0000,0.0000,0.0000,0.0000,0.0000,0.0000,0.0000,0.0000,31.87,32.89,45,8.190,1,336.8
77455.472,+0.0313,+0.0317,0.1714,0.2686,-0.408,-5.075,31.186,-0.542,0.0000,0.0000,0.0000,0.0000,0.0000,0.0000,0.0000,0.0000,31.87,32.89,45,8.190,1,336.8
77455.517,+0.0574,+0.1233,0.1714,0.2686,-0.408,-5.075,31.186,-0.542,0.0000,0.0000,0.0000,0.0000,0.0000,0.0000,0.0000,0.0000,31.87,32.89,45,8.190,1,336.8
77455.558,+0.0492,+0.1574,0.1714,0.2686,-0.408,-5.075,31.186,-0.542,0.0000,0.0000,0.0000,0.0000,0.0000,0.0000,0.0000,0.0000,31.87,32.89,45,8.190,1,336.8
77455.600,+0.0055,+0.1267,0.2286,0.3857,-0.921,-5.730,0.936,-5.008,0.0000,0.0000,0.0000,0.0000,0.0000,0.0000,0.0000,0.0000,31.11,32.88,34,-0.920,1,327.3
77455.644,+0.0065,+0.1267,0.2286,0.3857,-1.623,-5.912,-16.717,-4.265,0.0000,0.0000,0.0000,0.0000,0.0000,0.0000,0.0000,0.0000,31.11,32.88,43,-0.920,1,327.3
77455.686,-0.0150,+0.4269,0.2286,0.3857,-1.623,-5.912,-16.717,-4.265,0.0000,0.0000,0.0000,0.0000,0.0000,0.0000,0.0000,0.0000,31.11,32.88,43,-0.920,1,327.3
77455.729,-0.0396,+0.2549,0.2286,0.3857,0.140,-6.317,13.759,-4.115,0.0000,0.0000,0.0000,0.0000,0.0000,0.0000,0.0000,0.0000,31.11,32.88,45,-0.920,1,327.3
77455.772,-0.0424,+0.2329,0.2286,0.3857,3.100,-6.404,27.608,-4.052,0.0000,0.0000,0.0000,0.0000,0.0000,0.0000,0.0000,0.0000,30.29,32.89,22,-0.920,1,319.1
77455.816,-0.0440,+0.3333,0.2286,0.3857,3.100,-6.404,27.608,-4.052,0.0000,0.0000,0.0000,0.0000,0.0000,0.0000,0.0000,0.0000,30.29,32.89,22,-0.920,1,319.1
77455.865,-0.0442,+0.3344,0.2286,0.3857,1.649,-6.342,27.300,-1.634,0.0000,0.0000,0.0000,0.0000,0.0000,0.0000,0.0000,0.0000,30.29,32.92,22,-0.920,1,319.1
77455.918,-0.0250,+0.2340,0.2286,0.3857,1.649,-6.342,27.300,-1.634,0.0000,0.0000,0.0000,0.0000,0.0000,0.0000,0.0000,0.0000,30.29,32.92,22,-0.920,1,319.1
77455.968,-0.0036,+0.2670,0.2286,0.3857,1.649,-6.342,27.300,-1.634,0.0000,0.0000,0.0000,0.0000,0.0000,0.0000,0.0000,0.0000,30.29,32.92,22,-0.920,1,319.1
77456.014,-0.0225,+0.2476,0.2314,0.3143,0.236,-6.165,-22.325,3.019,0.0000,0.0000,0.0000,0.0000,0.0000,0.0000,0.0000,0.0000,29.33,32.94,45,-1.700,1,310.1
77456.061,-0.0225,+0.2503,0.2314,0.3143,-7.654,-5.957,-46.877,2.202,0.0000,0.0000,0.0000,0.0000,0.0000,0.0000,0.0000,0.0000,29.33,32.99,43,-1.700,1,310.1
77456.109,-0.0225,+0.1638,0.2314,0.3143,-7.654,-5.957,-46.877,2.202,0.0000,0.0000,0.0000,0.0000,0.0000,0.0000,0.0000,0.0000,29.33,32.99,43,-1.700,1,310.1
77456.153,-0.0710,+0.1520,0.2314,0.3143,-9.361,-6.017,-53.739,-0.167,0.0000,0.0000,0.0000,0.0000,0.0000,0.0000,0.0000,0.0000,29.33,32.99,45,-1.700,1,310.1
77456.196,-0.0763,+0.1775,0.2314,0.3143,-10.604,-6.167,-50.653,-1.726,0.0000,0.0000,0.0000,0.0000,0.0000,0.0000,0.0000,0.0000,28.57,33.01,40,-1.700,1,302.8
77456.238,-0.0834,+0.2067,0.2314,0.3143,-10.604,-6.167,-50.653,-1.726,0.0000,0.0000,0.0000,0.0000,0.0000,0.0000,0.0000,0.0000,28.57,33.01,40,-1.700,1,302.8
77456.281,-0.0375,+0.2067,0.2314,0.3143,-10.604,-6.167,-50.653,-1.726,0.0000,0.0000,0.0000,0.0000,0.0000,0.0000,0.0000,0.0000,28.57,33.01,40,-1.700,1,302.8
77456.324,-0.0131,+0.2391,0.2314,0.3143,1.097,-7.402,78.505,-0.653,0.0000,0.0000,0.0000,0.0000,0.0000,0.0000,0.0000,0.0000,28.57,33.01,22,-1.700,1,302.8
77456.367,-0.0105,+0.2754,0.2314,0.3143,4.424,-7.709,79.355,-7.475,0.0000,0.0000,0.0000,0.0000,0.0000,0.0000,0.0000,0.0000,28.57,33.01,22,-1.700,1,302.8
77456.408,-0.0067,+0.2167,-0.0071,-0.0500,4.424,-7.709,79.355,-7.475,0.0000,0.0000,0.0000,0.0000,0.0000,0.0000,0.0000,0.0000,28.57,33.01,22,-2.560,1,302.8
77456.452,+0.0428,+0.2167,-0.0071,-0.0500,-2.550,-7.914,-13.433,-2.176,0.0000,0.0000,0.0000,0.0000,0.0000,0.0000,0.0000,0.0000,27.48,33.01,22,-2.560,1,293.4
77456.496,+0.0966,+0.5979,-0.0071,-0.0500,-2.550,-7.914,-13.433,-2.176,0.0000,0.0000,0.0000,0.0000,0.0000,0.0000,0.0000,0.0000,27.48,33.01,22,-2.560,1,293.4
77456.537,+0.0415,+0.4282,-0.0071,-0.0500,-12.462,-7.963,-72.501,1.100,0.0000,0.0000,0.0000,0.0000,0.0000,0.0000,0.0000,0.0000,27.48,33.05,45,-2.560,1,293.4
77456.579,-0.0050,+0.5061,-0.0071,-0.0500,-12.462,-7.963,-72.501,1.100,0.0000,0.0000,0.0000,0.0000,0.0000,0.0000,0.0000,0.0000,27.48,33.05,45,-2.560,1,293.4
77456.620,+0.0207,+0.3652,-0.0071,-0.0500,-28.302,-7.530,-109.846,-0.958,0.0000,0.0000,0.0000,0.0000,0.0000,0.0000,0.0000,0.0000,27.48,33.10,22,-2.560,1,293.4
77456.662,-0.0025,+0.3033,-0.0071,-0.0500,-28.302,-7.530,-109.846,-0.958,0.0000,0.0000,0.0000,0.0000,0.0000,0.0000,0.0000,0.0000,27.48,33.10,22,-2.560,1,293.4
77456.707,-0.0025,+0.3033,-0.0071,-0.0500,-28.302,-7.530,-109.846,-0.958,0.0000,0.0000,0.0000,0.0000,0.0000,0.0000,0.0000,0.0000,27.48,33.10,22,-2.560,1,293.4
77456.750,+0.0474,+0.3699,-0.0071,-0.0500,-28.536,-7.238,-108.668,3.975,0.0000,0.0000,0.0000,0.0000,0.0000,0.0000,0.0000,0.0000,25.82,33.16,45,-2.560,1,281.3
77456.792,+0.1264,+0.2439,-0.0071,-0.0500,-24.439,-6.971,106.794,13.726,0.0000,0.0000,0.0000,0.0000,0.0000,0.0000,0.0000,0.0000,25.82,33.19,41,-2.560,1,281.3
77456.834,+0.1656,+0.1360,0.3686,0.2714,-24.439,-6.971,106.794,13.726,0.0000,0.0000,0.0000,0.0000,0.0000,0.0000,0.0000,0.0000,25.82,33.19,41,20.000,1,281.3
77456.877,+0.1291,+0.1876,0.3686,0.2714,-11.509,-7.109,112.036,-0.865,0.0000,0.0000,0.0000,0.0000,0.0000,0.0000,0.0000,0.0000,25.82,33.27,45,20.000,1,281.3
77456.921,+0.2545,+0.0224,0.3686,0.2714,-11.509,-7.109,112.036,-0.865,0.0000,0.0000,0.0000,0.0000,0.0000,0.0000,0.0000,0.0000,25.82,33.27,45,20.000,1,281.3
77456.965,+0.1605,+0.1193,0.3686,0.2714,-11.509,-7.109,112.036,-0.865,0.0000,0.0000,0.0000,0.0000,0.0000,0.0000,0.0000,0.0000,25.82,33.27,45,20.000,1,281.3
77457.006,+0.3530,+0.1347,0.3686,0.2714,-11.509,-7.109,112.036,-0.865,0.0000,0.0000,0.0000,0.0000,0.0000,0.0000,0.0000,0.0000,25.82,33.27,45,20.000,1,281.3
77457.047,+0.3284,+0.3959,0.3686,0.2714,9.261,-6.580,94.330,3.691,0.0000,0.0000,0.0000,0.0000,0.0000,0.0000,0.0000,0.0000,24.32,33.31,22,20.000,1,269.2
77457.091,+0.2675,+0.3722,0.3686,0.2714,9.261,-6.580,94.330,3.691,0.0000,0.0000,0.0000,0.0000,0.0000,0.0000,0.0000,0.0000,24.32,33.37,45,20.000,1,269.2
77457.134,+0.1625,+0.2900,0.3686,0.2714,9.261,-6.580,94.330,3.691,0.0000,0.0000,0.0000,0.0000,0.0000,0.0000,0.0000,0.0000,24.32,33.37,45,20.000,1,269.2
77457.176,+0.1400,+0.3601,0.3686,0.2714,14.505,-6.488,62.642,1.670,0.0000,0.0000,0.0000,0.0000,0.0000,0.0000,0.0000,0.0000,24.32,33.41,22,20.000,1,269.2
77457.221,+0.0932,+0.2700,0.3686,0.2714,14.505,-6.488,62.642,1.670,0.0000,0.0000,0.0000,0.0000,0.0000,0.0000,0.0000,0.0000,24.32,33.41,22,20.000,1,269.2
77457.264,+0.0103,+0.2700,0.3686,0.2714,15.712,-6.432,20.353,2.150,0.0000,0.0000,0.0000,0.0000,0.0000,0.0000,0.0000,0.0000,24.32,33.43,45,20.000,1,269.2
77457.311,+0.0771,+0.3003,-0.0343,0.0286,17.391,-5.775,20.288,2.191,0.0000,0.0000,0.0000,0.0000,0.0000,0.0000,0.0000,0.0000,23.32,33.46,45,-6.030,1,260.2
77457.361,-0.0103,+0.2733,-0.0343,0.0286,17.391,-5.775,20.288,2.191,0.0000,0.0000,0.0000,0.0000,0.0000,0.0000,0.0000,0.0000,23.32,33.46,45,-6.030,1,260.2
77457.402,+0.0262,+0.2394,-0.0343,0.0286,16.545,-5.171,-4.620,8.297,0.0000,0.0000,0.0000,0.0000,0.0000,0.0000,0.0000,0.0000,23.32,33.46,45,-6.030,1,260.2
77457.445,-0.0046,+0.2368,-0.0343,0.0286,16.545,-5.171,-4.620,8.297,0.0000,0.0000,0.0000,0.0000,0.0000,0.0000,0.0000,0.0000,23.32,33.51,22,-6.030,1,260.2
77457.489,+0.0127,+0.1382,-0.0343,0.0286,16.545,-5.171,-4.620,8.297,0.0000,0.0000,0.0000,0.0000,0.0000,0.0000,0.0000,0.0000,23.32,33.51,22,-6.030,1,260.2
77457.533,-0.0892,-0.1277,-0.0343,0.0286,7.264,-5.518,-79.094,4.655,0.0000,0.0000,0.0000,0.0000,0.0000,0.0000,0.0000,0.0000,23.32,33.52,44,-6.030,1,260.2
77457.575,+0.0347,+0.1122,-0.0343,0.0286,1.560,-5.456,-81.514,0.462,0.0000,0.0000,0.0000,0.0000,0.0000,0.0000,0.0000,0.0000,22.30,33.53,45,-6.030,1,249.4
77457.619,+0.0090,+0.1064,-0.0343,0.0286,1.560,-5.456,-81.514,0.462,0.0000,0.0000,0.0000,0.0000,0.0000,0.0000,0.0000,0.0000,22.30,33.53,45,-6.030,1,249.4
77457.659,-0.1309,+0.1933,-0.0343,0.0286,1.560,-5.456,-81.514,0.462,0.0000,0.0000,0.0000,0.0000,0.0000,0.0000,0.0000,0.0000,22.30,33.53,45,-6.030,1,249.4
77457.702,-0.1124,+0.1606,0.2171,0.1514,-0.241,-5.538,-21.844,-1.500,0.0000,0.0000,0.0000,0.0000,0.0000,0.0000,0.0000,0.0000,22.30,33.54,22,-0.470,1,249.4
77457.745,-0.0787,+0.1571,0.2171,0.1514,-2.561,-6.814,-22.476,-6.891,0.0000,0.0000,0.0000,0.0000,0.0000,0.0000,0.0000,0.0000,22.30,33.51,45,-0.470,1,249.4
77457.787,-0.0644,+0.1867,0.2171,0.1514,-2.561,-6.814,-22.476,-6.891,0.0000,0.0000,0.0000,0.0000,0.0000,0.0000,0.0000,0.0000,22.30,33.51,45,-0.470,1,249.4
77457.829,+0.0025,+0.3209,0.2171,0.1514,-2.561,-6.814,-22.476,-6.891,0.0000,0.0000,0.0000,0.0000,0.0000,0.0000,0.0000,0.0000,22.30,33.51,45,-0.470,1,249.4
77457.870,+0.0282,+0.3370,0.2171,0.1514,-4.635,-6.390,-25.838,2.023,0.0000,0.0000,0.0000,0.0000,0.0000,0.0000,0.0000,0.0000,22.30,33.50,45,-0.470,1,249.4
77457.915,+0.0289,+0.4365,0.2171,0.1514,-3.774,-6.285,-16.144,12.197,0.0000,0.0000,0.0000,0.0000,0.0000,0.0000,0.0000,0.0000,20.87,33.56,24,-0.470,1,235.5
77457.957,+0.0325,+0.5038,0.2171,0.1514,-3.774,-6.285,-16.144,12.197,0.0000,0.0000,0.0000,0.0000,0.0000,0.0000,0.0000,0.0000,20.87,33.56,24,-0.470,1,235.5
77457.999,+0.0349,+0.1968,0.2171,0.1514,0.729,-6.478,14.893,-2.608,0.0000,0.0000,0.0000,0.0000,0.0000,0.0000,0.0000,0.0000,20.87,33.57,22,-0.470,1,235.5
77458.039,+0.0125,+0.1151,0.2171,0.1514,0.729,-6.478,14.893,-2.608,0.0000,0.0000,0.0000,0.0000,0.0000,0.0000,0.0000,0.0000,20.87,33.57,22,-0.470,1,235.5
77458.080,+0.0125,+0.0051,0.2171,0.1514,0.729,-6.478,14.893,-2.608,0.0000,0.0000,0.0000,0.0000,0.0000,0.0000,0.0000,0.0000,20.87,33.57,22,-0.470,1,235.5
77458.122,+0.0374,+0.3195,-0.0029,-0.0057,3.491,-6.530,68.629,-1.139,0.0000,0.0000,0.0000,0.0000,0.0000,0.0000,0.0000,0.0000,20.87,33.58,45,-24.910,1,235.5
77458.165,+0.0397,+0.2958,-0.0029,-0.0057,10.582,-5.054,67.194,-1.118,0.0000,0.0000,0.0000,0.0000,0.0000,0.0000,0.0000,0.0000,19.92,33.62,45,-24.910,1,226.5
77458.209,+0.0415,+0.2687,-0.0029,-0.0057,10.582,-5.054,67.194,-1.118,0.0000,0.0000,0.0000,0.0000,0.0000,0.0000,0.0000,0.0000,19.92,33.62,45,-24.910,1,226.5
77458.248,+0.0200,+0.2757,-0.0029,-0.0057,10.582,-5.054,67.194,-1.118,0.0000,0.0000,0.0000,0.0000,0.0000,0.0000,0.0000,0.0000,19.92,33.62,45,-24.910,1,226.5
77458.289,-0.0058,+0.1746,-0.0029,-0.0057,14.899,-4.151,49.621,7.555,0.0000,0.0000,0.0000,0.0000,0.0000,0.0000,0.0000,0.0000,19.92,33.66,39,-24.910,1,226.5
77458.333,+0.0417,-0.2476,-0.0029,-0.0057,6.077,-4.067,-34.190,6.903,0.0000,0.0000,0.0000,0.0000,0.0000,0.0000,0.0000,0.0000,19.92,33.66,43,-24.910,1,226.5
77458.374,+0.0456,-0.0861,-0.0029,-0.0057,6.077,-4.067,-34.190,6.903,0.0000,0.0000,0.0000,0.0000,0.0000,0.0000,0.0000,0.0000,19.92,33.66,43,-24.910,1,226.5
77458.414,+0.0225,-0.0143,-0.0029,-0.0057,6.077,-4.067,-34.190,6.903,0.0000,0.0000,0.0000,0.0000,0.0000,0.0000,0.0000,0.0000,19.92,33.66,43,-24.910,1,226.5
77458.457,-0.0511,-0.0530,-0.0029,-0.0057,0.426,-3.453,-61.879,4.399,0.0000,0.0000,0.0000,0.0000,0.0000,0.0000,0.0000,0.0000,18.99,33.63,45,-24.910,1,214.0
77458.502,-0.1529,+0.0913,-0.0029,-0.0057,0.426,-3.453,-61.879,4.399,0.0000,0.0000,0.0000,0.0000,0.0000,0.0000,0.0000,0.0000,18.99,33.63,45,-24.910,1,214.0
77458.541,-0.1348,+0.1200,-0.0029,-0.0057,0.426,-3.453,-61.879,4.399,0.0000,0.0000,0.0000,0.0000,0.0000,0.0000,0.0000,0.0000,18.99,33.63,45,-24.910,1,214.0
77458.585,-0.1373,+0.0222,0.1100,0.4986,-2.960,-3.952,-40.295,4.304,0.0000,0.0000,0.0000,0.0000,0.0000,0.0000,0.0000,0.0000,18.99,33.60,45,-24.960,1,214.0
77458.629,-0.2664,-0.0493,0.1100,0.4986,-2.960,-3.952,-40.295,4.304,0.0000,0.0000,0.0000,0.0000,0.0000,0.0000,0.0000,0.0000,18.99,33.60,45,-24.960,1,214.0
77458.671,-0.1024,-0.0397,0.1100,0.4986,-6.219,-4.311,-27.625,-0.803,0.0000,0.0000,0.0000,0.0000,0.0000,0.0000,0.0000,0.0000,18.99,33.56,45,-24.960,1,214.0
77458.722,-0.0575,+0.2506,0.1100,0.4986,-6.219,-4.311,-27.625,-0.803,0.0000,0.0000,0.0000,0.0000,0.0000,0.0000,0.0000,0.0000,18.99,33.56,45,-24.960,1,214.0
77458.771,-0.0575,+0.2455,0.1100,0.4986,-7.428,-4.803,-10.137,-2.868,0.0000,0.0000,0.0000,0.0000,0.0000,0.0000,0.0000,0.0000,18.25,33.53,45,-24.960,1,202.3
77458.818,-0.0575,+0.1770,0.1100,0.4986,-7.428,-4.803,-10.137,-2.868,0.0000,0.0000,0.0000,0.0000,0.0000,0.0000,0.0000,0.0000,18.25,33.53,45,-24.960,1,202.3
77458.858,-0.0575,+0.1584,0.1100,0.4986,-15.550,-5.483,-7.694,-4.876,0.0000,0.0000,0.0000,0.0000,0.0000,0.0000,0.0000,0.0000,18.25,33.49,45,-24.960,1,202.3
77458.905,-0.0575,+0.1872,0.1100,0.4986,-15.550,-5.483,-7.694,-4.876,0.0000,0.0000,0.0000,0.0000,0.0000,0.0000,0.0000,0.0000,18.25,33.49,45,-24.960,1,202.3
77458.948,-0.0575,+0.1660,0.4200,0.5171,-18.235,-5.670,-66.284,-4.012,0.0000,0.0000,0.0000,0.0000,0.0000,0.0000,0.0000,0.0000,18.25,33.48,45,6.570,1,202.3
77458.994,-0.0114,+0.4134,0.4200,0.5171,-20.785,-4.956,-8.172,6.610,0.0000,0.0000,0.0000,0.0000,0.0000,0.0000,0.0000,0.0000,17.45,33.49,44,6.570,1,193.0
77459.037,-0.0525,+0.2324,0.4200,0.5171,-20.785,-4.956,-8.172,6.610,0.0000,0.0000,0.0000,0.0000,0.0000,0.0000,0.0000,0.0000,17.45,33.49,44,6.570,1,193.0
77459.077,-0.0262,+0.4535,0.4200,0.5171,-16.285,-5.355,28.271,6.286,0.0000,0.0000,0.0000,0.0000,0.0000,0.0000,0.0000,0.0000,17.45,33.50,22,6.570,1,193.0
77459.121,-0.0018,+0.1357,0.4200,0.5171,-16.285,-5.355,28.271,6.286,0.0000,0.0000,0.0000,0.0000,0.0000,0.0000,0.0000,0.0000,17.45,33.50,22,6.570,1,193.0
77459.161,+0.0074,+0.0536,0.4200,0.5171,-10.992,-5.094,48.216,0.064,0.0000,0.0000,0.0000,0.0000,0.0000,0.0000,0.0000,0.0000,17.45,33.50,39,6.570,1,193.0
77459.204,+0.0341,+0.1471,0.4200,0.5171,-10.992,-5.094,48.216,0.064,0.0000,0.0000,0.0000,0.0000,0.0000,0.0000,0.0000,0.0000,17.45,33.50,39,6.570,1,193.0
77459.244,+0.0729,+0.1767,0.4200,0.5171,-10.992,-5.094,48.216,0.064,0.0000,0.0000,0.0000,0.0000,0.0000,0.0000,0.0000,0.0000,17.45,33.50,39,6.570,1,193.0
77459.284,+0.1102,+0.1767,0.4200,0.5171,-8.159,-4.193,31.370,8.699,0.0000,0.0000,0.0000,0.0000,0.0000,0.0000,0.0000,0.0000,16.32,33.54,45,6.570,1,180.3
77459.326,+0.1910,+0.2102,0.4200,0.5171,-8.221,-4.068,9.061,7.124,0.0000,0.0000,0.0000,0.0000,0.0000,0.0000,0.0000,0.0000,16.32,33.54,22,6.570,1,180.3
77459.369,+0.0591,+0.1146,0.4400,0.4943,-6.023,-4.924,-0.893,6.061,0.0000,0.0000,0.0000,0.0000,0.0000,0.0000,0.0000,0.0000,16.32,33.53,33,-2.570,1,180.3
77459.410,+0.1166,+0.0040,0.4400,0.4943,-6.023,-4.924,-0.893,6.061,0.0000,0.0000,0.0000,0.0000,0.0000,0.0000,0.0000,0.0000,16.32,33.53,33,-2.570,1,180.3
77459.451,+0.1537,-0.1521,0.4400,0.4943,-6.023,-4.924,-0.893,6.061,0.0000,0.0000,0.0000,0.0000,0.0000,0.0000,0.0000,0.0000,16.32,33.53,33,-2.570,1,180.3
77459.492,+0.0891,-0.0108,0.4400,0.4943,0.311,-4.681,49.765,-6.039,0.0000,0.0000,0.0000,0.0000,0.0000,0.0000,0.0000,0.0000,16.32,33.51,45,-2.570,1,180.3
77459.532,+0.0687,+0.1482,0.4400,0.4943,0.311,-4.681,49.765,-6.039,0.0000,0.0000,0.0000,0.0000,0.0000,0.0000,0.0000,0.0000,16.32,33.51,45,-2.570,1,180.3
77459.572,+0.0710,+0.2208,0.4400,0.4943,0.311,-4.681,49.765,-6.039,0.0000,0.0000,0.0000,0.0000,0.0000,0.0000,0.0000,0.0000,15.58,33.51,45,-2.570,1,170.7
77459.614,+0.0985,+0.2968,0.4400,0.4943,-0.049,-5.334,49.264,1.242,0.0000,0.0000,0.0000,0.0000,0.0000,0.0000,0.0000,0.0000,15.58,33.50,22,-2.570,1,170.7
77459.656,+0.1024,+0.1433,0.4400,0.4943,-0.310,-5.521,13.197,-5.075,0.0000,0.0000,0.0000,0.0000,0.0000,0.0000,0.0000,0.0000,15.58,33.49,22,-2.570,1,170.7
77459.698,+0.1328,+0.1099,0.4400,0.4943,-0.310,-5.521,13.197,-5.075,0.0000,0.0000,0.0000,0.0000,0.0000,0.0000,0.0000,0.0000,15.58,33.49,22,-2.570,1,170.7
77459.738,+0.1173,+0.1051,0.2757,0.3529,-1.907,-6.200,-12.126,-8.152,0.0000,0.0000,0.0000,0.0000,0.0000,0.0000,0.0000,0.0000,15.58,33.46,45,-24.980,1,170.7
77459.783,+0.0937,+0.1050,0.2757,0.3529,-1.907,-6.200,-12.126,-8.152,0.0000,0.0000,0.0000,0.0000,0.0000,0.0000,0.0000,0.0000,14.54,33.46,45,-24.980,1,159.0
77459.823,+0.0464,+0.6212,0.2757,0.3529,-4.234,-5.013,-18.728,-6.495,0.0000,0.0000,0.0000,0.0000,0.0000,0.0000,0.0000,0.0000,14.54,33.46,45,-24.980,1,159.0
77459.866,+0.0452,+0.2793,0.2757,0.3529,-4.234,-5.013,-18.728,-6.495,0.0000,0.0000,0.0000,0.0000,0.0000,0.0000,0.0000,0.0000,14.54,33.46,45,-24.980,1,159.0
77459.908,+0.0425,+0.3568,0.2757,0.3529,0.614,-4.622,-18.045,11.186,0.0000,0.0000,0.0000,0.0000,0.0000,0.0000,0.0000,0.0000,14.54,33.51,22,-24.980,1,159.0
77459.949,+0.0650,+0.2749,0.2757,0.3529,3.311,-5.187,11.971,2.981,0.0000,0.0000,0.0000,0.0000,0.0000,0.0000,0.0000,0.0000,14.54,33.50,45,-24.980,1,159.0
77459.994,+0.0650,-0.1331,0.2757,0.3529,3.311,-5.187,11.971,2.981,0.0000,0.0000,0.0000,0.0000,0.0000,0.0000,0.0000,0.0000,14.54,33.50,45,-24.980,1,159.0
77460.039,+0.0650,+0.0827,0.2757,0.3529,5.313,-5.522,50.614,-3.866,0.0000,0.0000,0.0000,0.0000,0.0000,0.0000,0.0000,0.0000,14.54,33.47,45,-24.980,1,159.0
77460.083,+0.0892,-0.2204,0.2757,0.3529,5.313,-5.522,50.614,-3.866,0.0000,0.0000,0.0000,0.0000,0.0000,0.0000,0.0000,0.0000,13.70,33.47,45,-24.980,1,149.0
77460.127,+0.2371,+0.4175,0.2757,0.3529,5.313,-5.522,50.614,-3.866,0.0000,0.0000,0.0000,0.0000,0.0000,0.0000,0.0000,0.0000,13.70,33.47,45,-24.980,1,149.0
77460.169,+0.1353,+0.3244,0.0143,0.4314,5.540,-4.040,1.827,12.258,0.0000,0.0000,0.0000,0.0000,0.0000,0.0000,0.0000,0.0000,13.70,33.49,45,-24.880,1,149.0
77460.213,+0.0900,+0.2695,0.0143,0.4314,5.772,-3.679,1.892,11.099,0.0000,0.0000,0.0000,0.0000,0.0000,0.0000,0.0000,0.0000,13.70,33.49,22,-24.880,1,149.0
77460.255,+0.0395,+0.0824,0.0143,0.4314,5.772,-3.679,1.892,11.099,0.0000,0.0000,0.0000,0.0000,0.0000,0.0000,0.0000,0.0000,13.70,33.49,22,-24.880,1,149.0
77460.299,+0.0374,-0.0487,0.0143,0.4314,5.772,-3.679,1.892,11.099,0.0000,0.0000,0.0000,0.0000,0.0000,0.0000,0.0000,0.0000,13.70,33.49,22,-24.880,1,149.0
77460.338,+0.0532,-0.0286,0.0143,0.4314,5.772,-3.679,1.892,11.099,0.0000,0.0000,0.0000,0.0000,0.0000,0.0000,0.0000,0.0000,13.70,33.49,22,-24.880,1,149.0
77460.377,+0.0505,-0.1182,0.0143,0.4314,4.834,-4.500,6.020,0.107,0.0000,0.0000,0.0000,0.0000,0.0000,0.0000,0.0000,0.0000,12.84,33.46,45,-24.880,1,137.1
77460.418,+0.0494,-0.1289,0.0143,0.4314,4.148,-4.599,-22.623,-3.074,0.0000,0.0000,0.0000,0.0000,0.0000,0.0000,0.0000,0.0000,12.84,33.46,22,-24.880,1,137.1
77460.458,+0.0462,-0.0187,0.0143,0.4314,4.148,-4.599,-22.623,-3.074,0.0000,0.0000,0.0000,0.0000,0.0000,0.0000,0.0000,0.0000,12.84,33.46,22,-24.880,1,137.1
77460.499,+0.0442,+0.1799,0.0143,0.4314,4.148,-4.599,-22.623,-3.074,0.0000,0.0000,0.0000,0.0000,0.0000,0.0000,0.0000,0.0000,12.84,33.46,22,-24.880,1,137.1
77460.537,+0.0675,+0.2315,0.0143,0.4314,0.105,-5.962,-34.534,-7.806,0.0000,0.0000,0.0000,0.0000,0.0000,0.0000,0.0000,0.0000,12.84,33.42,44,-24.880,1,137.1
77460.577,+0.0142,+0.2776,0.0143,0.4314,-5.070,-7.625,-38.233,-9.868,0.0000,0.0000,0.0000,0.0000,0.0000,0.0000,0.0000,0.0000,12.84,33.42,44,-24.880,1,137.1
77460.617,+0.0362,+0.1869,0.2900,0.3186,-5.070,-7.625,-38.233,-9.868,0.0000,0.0000,0.0000,0.0000,0.0000,0.0000,0.0000,0.0000,12.84,33.36,22,6.790,1,137.1
77460.659,+0.0101,+0.5226,0.2900,0.3186,-5.056,-8.337,-37.902,-10.519,0.0000,0.0000,0.0000,0.0000,0.0000,0.0000,0.0000,0.0000,11.79,33.34,45,6.790,1,126.0
77460.700,+0.0550,+0.2994,0.2900,0.3186,-5.056,-8.337,-37.902,-10.519,0.0000,0.0000,0.0000,0.0000,0.0000,0.0000,0.0000,0.0000,11.79,33.34,45,6.790,1,126.0
77460.739,+0.0004,+0.5408,0.2900,0.3186,-5.056,-8.337,-37.902,-10.519,0.0000,0.0000,0.0000,0.0000,0.0000,0.0000,0.0000,0.0000,11.79,33.34,45,6.790,1,126.0
77460.778,+0.0500,+0.5300,0.2900,0.3186,-5.056,-8.337,-37.902,-10.519,0.0000,0.0000,0.0000,0.0000,0.0000,0.0000,0.0000,0.0000,11.79,33.34,45,6.790,1,126.0
77460.818,+0.0761,+0.7333,0.2900,0.3186,-2.945,-9.001,19.906,-3.684,0.0000,0.0000,0.0000,0.0000,0.0000,0.0000,0.0000,0.0000,11.79,33.30,22,6.790,1,126.0
77460.861,+0.0525,+0.4206,0.2900,0.3186,-0.956,-7.556,20.134,4.490,0.0000,0.0000,0.0000,0.0000,0.0000,0.0000,0.0000,0.0000,11.79,33.41,38,6.790,1,126.0
77460.908,+0.0525,+0.4564,0.2900,0.3186,-0.956,-7.556,20.134,4.490,0.0000,0.0000,0.0000,0.0000,0.0000,0.0000,0.0000,0.0000,11.79,33.41,38,6.790,1,126.0
77460.948,+0.0784,+0.2854,0.2900,0.3186,-0.493,-7.189,-4.385,4.030,0.0000,0.0000,0.0000,0.0000,0.0000,0.0000,0.0000,0.0000,11.79,33.48,45,6.790,1,126.0
77460.990,+0.0805,+0.0446,0.2900,0.3186,-0.493,-7.189,-4.385,4.030,0.0000,0.0000,0.0000,0.0000,0.0000,0.0000,0.0000,0.0000,10.40,33.48,45,6.790,1,115.6
77461.030,+0.0835,+0.1514,0.2329,0.3157,-0.538,-5.977,-4.507,6.950,0.0000,0.0000,0.0000,0.0000,0.0000,0.0000,0.0000,0.0000,10.40,33.57,45,-9.280,1,115.6
77461.071,+0.0856,+0.2085,0.2329,0.3157,-0.538,-5.977,-4.507,6.950,0.0000,0.0000,0.0000,0.0000,0.0000,0.0000,0.0000,0.0000,10.40,33.57,45,-9.280,1,115.6
77461.114,+0.0625,+0.2700,0.2329,0.3157,-0.538,-5.977,-4.507,6.950,0.0000,0.0000,0.0000,0.0000,0.0000,0.0000,0.0000,0.0000,10.40,33.57,45,-9.280,1,115.6
77461.155,+0.0625,+0.0641,0.2329,0.3157,0.879,-5.813,9.770,9.309,0.0000,0.0000,0.0000,0.0000,0.0000,0.0000,0.0000,0.0000,10.40,33.64,22,-9.280,1,115.6
77461.196,+0.0625,+0.1114,0.2329,0.3157,1.277,-5.738,9.791,1.829,0.0000,0.0000,0.0000,0.0000,0.0000,0.0000,0.0000,0.0000,10.40,33.65,45,-9.280,1,115.6
77461.237,+0.0625,+0.0003,0.2329,0.3157,1.277,-5.738,9.791,1.829,0.0000,0.0000,0.0000,0.0000,0.0000,0.0000,0.0000,0.0000,9.16,33.65,45,-9.280,1,103.8
77461.278,+0.0625,+0.1110,0.2329,0.3157,1.976,-5.625,8.522,1.222,0.0000,0.0000,0.0000,0.0000,0.0000,0.0000,0.0000,0.0000,9.16,33.67,22,-9.280,1,103.8
77461.323,+0.0625,+0.1081,0.2329,0.3157,1.976,-5.625,8.522,1.222,0.0000,0.0000,0.0000,0.0000,0.0000,0.0000,0.0000,0.0000,9.16,33.67,22,-9.280,1,103.8
77461.366,+0.0870,+0.1933,0.2329,0.3157,2.440,-5.508,7.803,0.832,0.0000,0.0000,0.0000,0.0000,0.0000,0.0000,0.0000,0.0000,9.16,33.69,35,-9.280,1,103.8
77461.411,+0.0650,+0.1617,0.2329,0.3157,2.440,-5.508,7.803,0.832,0.0000,0.0000,0.0000,0.0000,0.0000,0.0000,0.0000,0.0000,9.16,33.69,35,-9.280,1,103.8
77461.454,+0.0650,+0.1573,0.2643,0.2414,1.753,-5.703,-5.861,1.211,0.0000,0.0000,0.0000,0.0000,0.0000,0.0000,0.0000,0.0000,9.16,33.70,37,0.250,1,103.8
77461.501,+0.0650,+0.1561,0.2643,0.2414,1.753,-5.703,-5.861,1.211,0.0000,0.0000,0.0000,0.0000,0.0000,0.0000,0.0000,0.0000,9.16,33.70,37,0.250,1,103.8
77461.546,+0.0650,+0.1833,0.2643,0.2414,1.753,-5.703,-5.861,1.211,0.0000,0.0000,0.0000,0.0000,0.0000,0.0000,0.0000,0.0000,9.16,33.70,37,0.250,1,103.8
77461.590,+0.0650,+0.1514,0.2643,0.2414,3.483,-5.908,7.735,-1.072,0.0000,0.0000,0.0000,0.0000,0.0000,0.0000,0.0000,0.0000,7.87,33.71,22,0.250,1,90.1
77461.639,+0.0433,+0.2090,0.2643,0.2414,2.651,-6.016,13.790,-0.996,0.0000,0.0000,0.0000,0.0000,0.0000,0.0000,0.0000,0.0000,7.87,33.71,22,0.250,1,90.1
77461.684,+0.0863,+0.2150,0.2643,0.2414,2.651,-6.016,13.790,-0.996,0.0000,0.0000,0.0000,0.0000,0.0000,0.0000,0.0000,0.0000,7.87,33.72,45,0.250,1,90.1
77461.727,+0.0405,+0.2193,0.2643,0.2414,2.651,-6.016,13.790,-0.996,0.0000,0.0000,0.0000,0.0000,0.0000,0.0000,0.0000,0.0000,7.87,33.72,45,0.250,1,90.1
77461.769,+0.0625,+0.2580,0.2643,0.2414,2.651,-6.016,13.790,-0.996,0.0000,0.0000,0.0000,0.0000,0.0000,0.0000,0.0000,0.0000,7.87,33.72,45,0.250,1,90.1
77461.808,+0.0625,+0.2319,0.2643,0.2414,2.651,-6.016,13.790,-0.996,0.0000,0.0000,0.0000,0.0000,0.0000,0.0000,0.0000,0.0000,7.87,33.72,45,0.250,1,90.1
77461.850,+0.0625,+0.2000,0.2643,0.2414,0.581,-5.908,-15.186,-1.001,0.0000,0.0000,0.0000,0.0000,0.0000,0.0000,0.0000,0.0000,7.02,33.74,44,0.250,1,81.4
77461.892,+0.0625,+0.2334,0.3529,0.2643,-0.981,-5.757,-16.711,-0.528,0.0000,0.0000,0.0000,0.0000,0.0000,0.0000,0.0000,0.0000,7.02,33.75,37,-1.500,1,81.4
77461.935,+0.0380,+0.1706,0.3529,0.2643,-0.981,-5.757,-16.711,-0.528,0.0000,0.0000,0.0000,0.0000,0.0000,0.0000,0.0000,0.0000,7.02,33.75,37,-1.500,1,81.4
77461.975,+0.0600,+0.1652,0.3529,0.2643,-0.981,-5.757,-16.711,-0.528,0.0000,0.0000,0.0000,0.0000,0.0000,0.0000,0.0000,0.0000,7.02,33.75,37,-1.500,1,81.4
77462.016,+0.0339,+0.1619,0.3529,0.2643,-0.354,-4.922,-10.501,6.823,0.0000,0.0000,0.0000,0.0000,0.0000,0.0000,0.0000,0.0000,7.02,33.80,45,-1.500,1,81.4
77462.056,+0.0833,+0.1589,0.3529,0.2643,0.267,-4.824,15.953,5.404,0.0000,0.0000,0.0000,0.0000,0.0000,0.0000,0.0000,0.0000,7.02,33.80,45,-1.500,1,81.4
77462.099,+0.0350,+0.0899,0.3529,0.2643,3.291,-4.441,28.923,4.724,0.0000,0.0000,0.0000,0.0000,0.0000,0.0000,0.0000,0.0000,5.92,33.81,41,-1.500,1,69.2
77462.140,+0.0829,+0.0783,0.3529,0.2643,3.291,-4.441,28.923,4.724,0.0000,0.0000,0.0000,0.0000,0.0000,0.0000,0.0000,0.0000,5.92,33.81,41,-1.500,1,69.2
77462.181,+0.0600,+0.0673,0.3529,0.2643,3.291,-4.441,28.923,4.724,0.0000,0.0000,0.0000,0.0000,0.0000,0.0000,0.0000,0.0000,5.92,33.81,41,-1.500,1,69.2
77462.222,+0.1376,+0.0565,0.3529,0.2643,2.956,-4.612,28.598,4.007,0.0000,0.0000,0.0000,0.0000,0.0000,0.0000,0.0000,0.0000,5.92,33.82,45,-1.500,1,69.2
77462.263,+0.0932,+0.0132,0.3529,0.2643,2.956,-4.612,28.598,4.007,0.0000,0.0000,0.0000,0.0000,0.0000,0.0000,0.0000,0.0000,5.92,33.82,45,-1.500,1,69.2
77462.305,+0.1196,+0.1036,0.0929,0.5100,1.814,-5.852,-13.763,-7.475,0.0000,0.0000,0.0000,0.0000,0.0000,0.0000,0.0000,0.0000,5.92,33.78,45,-22.860,1,69.2
77462.347,+0.0750,+0.1000,0.0929,0.5100,1.740,-6.049,-4.028,-8.621,0.0000,0.0000,0.0000,0.0000,0.0000,0.0000,0.0000,0.0000,7.22,33.78,22,-22.860,1,59.7
77462.389,+0.1006,+0.0959,0.0929,0.5100,1.740,-6.049,-4.028,-8.621,0.0000,0.0000,0.0000,0.0000,0.0000,0.0000,0.0000,0.0000,7.22,33.78,22,-22.860,1,59.7
77462.429,+0.0517,+0.2644,0.0929,0.5100,6.109,-6.932,-2.095,-8.792,0.0000,0.0000,0.0000,0.0000,0.0000,0.0000,0.0000,0.0000,7.22,33.75,45,-22.860,1,59.7
77462.470,+0.0491,+0.2090,0.0929,0.5100,6.109,-6.932,-2.095,-8.792,0.0000,0.0000,0.0000,0.0000,0.0000,0.0000,0.0000,0.0000,7.22,33.75,45,-22.860,1,59.7
77462.511,+0.0725,+0.4190,0.0929,0.5100,6.109,-6.932,-2.095,-8.792,0.0000,0.0000,0.0000,0.0000,0.0000,0.0000,0.0000,0.0000,7.22,33.75,45,-22.860,1,59.7
77462.553,+0.0725,+0.2405,0.0929,0.5100,9.040,-8.426,45.501,-10.391,0.0000,0.0000,0.0000,0.0000,0.0000,0.0000,0.0000,0.0000,7.22,33.71,41,-22.860,1,59.7
77462.596,+0.0725,+0.5059,0.0929,0.5100,9.040,-8.426,45.501,-10.391,0.0000,0.0000,0.0000,0.0000,0.0000,0.0000,0.0000,0.0000,7.22,33.71,41,-22.860,1,59.7
77462.636,+0.0725,+0.5693,0.0929,0.5100,8.431,-7.850,-4.634,-9.618,0.0000,0.0000,0.0000,0.0000,0.0000,0.0000,0.0000,0.0000,5.75,33.72,45,-22.860,1,47.2
77462.677,+0.0979,+0.5171,0.0929,0.5100,8.431,-7.850,-4.634,-9.618,0.0000,0.0000,0.0000,0.0000,0.0000,0.0000,0.0000,0.0000,5.75,33.72,45,-22.860,1,47.2
77462.719,+0.0498,+0.4077,0.0929,0.5100,8.205,-7.599,-4.765,7.097,0.0000,0.0000,0.0000,0.0000,0.0000,0.0000,0.0000,0.0000,5.75,33.76,22,-22.860,1,47.2
77462.762,+0.0725,+0.7333,0.2814,0.1386,7.655,-7.385,-4.764,6.478,0.0000,0.0000,0.0000,0.0000,0.0000,0.0000,0.0000,0.0000,5.75,33.83,35,4.430,1,47.2
77462.806,+0.0246,+0.3653,0.2814,0.1386,7.655,-7.385,-4.764,6.478,0.0000,0.0000,0.0000,0.0000,0.0000,0.0000,0.0000,0.0000,5.75,33.83,35,4.430,1,47.2
77462.850,+0.0675,+0.2727,0.2814,0.1386,7.655,-7.385,-4.764,6.478,0.0000,0.0000,0.0000,0.0000,0.0000,0.0000,0.0000,0.0000,5.75,33.83,35,4.430,1,47.2
77462.893,+0.0180,+0.0657,0.2814,0.1386,6.598,-6.244,-4.683,3.861,0.0000,0.0000,0.0000,0.0000,0.0000,0.0000,0.0000,0.0000,5.75,33.92,45,4.430,1,47.2
77462.936,+0.0381,+0.3033,0.2814,0.1386,6.598,-6.244,-4.683,3.861,0.0000,0.0000,0.0000,0.0000,0.0000,0.0000,0.0000,0.0000,4.42,33.92,45,4.430,1,36.6
77462.978,+0.0348,+0.3369,0.2814,0.1386,5.296,-5.511,-1.435,10.753,0.0000,0.0000,0.0000,0.0000,0.0000,0.0000,0.0000,0.0000,4.42,33.99,45,4.430,1,36.6
77463.021,+0.0575,+0.1100,0.2814,0.1386,5.296,-5.511,-1.435,10.753,0.0000,0.0000,0.0000,0.0000,0.0000,0.0000,0.0000,0.0000,4.42,33.99,45,4.430,1,36.6
77463.061,+0.0575,+0.0422,0.2814,0.1386,4.085,-5.808,-19.349,-4.669,0.0000,0.0000,0.0000,0.0000,0.0000,0.0000,0.0000,0.0000,4.42,34.01,45,4.430,1,36.6
77463.102,+0.0318,-0.0109,0.2814,0.1386,2.442,-5.939,-19.354,-4.649,0.0000,0.0000,0.0000,0.0000,0.0000,0.0000,0.0000,0.0000,4.42,34.00,45,4.430,1,36.6
77463.143,+0.0550,+0.0294,0.1386,0.2900,2.442,-5.939,-19.354,-4.649,0.0000,0.0000,0.0000,0.0000,0.0000,0.0000,0.0000,0.0000,4.42,34.00,45,-11.120,1,36.6
77463.184,+0.0550,+0.0806,0.1386,0.2900,2.442,-5.939,-19.354,-4.649,0.0000,0.0000,0.0000,0.0000,0.0000,0.0000,0.0000,0.0000,4.42,34.00,45,-11.120,1,36.6
77463.224,+0.0550,+0.3091,0.1386,0.2900,0.308,-6.012,-19.440,-0.559,0.0000,0.0000,0.0000,0.0000,0.0000,0.0000,0.0000,0.0000,3.19,34.00,45,-11.120,1,24.1
77463.265,+0.0805,+0.2474,0.1386,0.2900,0.308,-6.012,-19.440,-0.559,0.0000,0.0000,0.0000,0.0000,0.0000,0.0000,0.0000,0.0000,3.19,34.00,45,-11.120,1,24.1
77463.304,+0.0842,+0.2523,0.1386,0.2900,-0.705,-6.404,-7.447,-0.189,0.0000,0.0000,0.0000,0.0000,0.0000,0.0000,0.0000,0.0000,3.19,34.01,22,-11.120,1,24.1
77463.342,+0.1148,+0.2200,0.1386,0.2900,-0.705,-6.404,-7.447,-0.189,0.0000,0.0000,0.0000,0.0000,0.0000,0.0000,0.0000,0.0000,3.19,34.01,22,-11.120,1,24.1
77463.380,+0.0925,+0.1833,0.1386,0.2900,-1.122,-6.713,-9.925,-7.373,0.0000,0.0000,0.0000,0.0000,0.0000,0.0000,0.0000,0.0000,3.19,34.01,45,-11.120,1,24.1
77463.419,+0.1763,+0.2529,0.1386,0.2900,1.461,-7.289,-9.658,-7.249,0.0000,0.0000,0.0000,0.0000,0.0000,0.0000,0.0000,0.0000,3.19,34.00,42,-11.120,1,24.1
77463.459,+0.1819,+0.1156,0.1386,0.2900,1.461,-7.289,-9.658,-7.249,0.0000,0.0000,0.0000,0.0000,0.0000,0.0000,0.0000,0.0000,2.15,34.00,42,-11.120,1,14.3
77463.500,+0.2175,+0.3140,0.1386,0.2900,4.793,-7.771,37.662,-5.367,0.0000,0.0000,0.0000,0.0000,0.0000,0.0000,0.0000,0.0000,2.15,33.99,45,-11.120,1,14.3
77463.538,+0.1270,+0.2200,0.1386,0.2900,4.793,-7.771,37.662,-5.367,0.0000,0.0000,0.0000,0.0000,0.0000,0.0000,0.0000,0.0000,2.15,33.99,45,-11.120,1,14.3
77463.577,+0.2387,+0.4379,0.1257,0.3429,4.793,-7.771,37.662,-5.367,0.0000,0.0000,0.0000,0.0000,0.0000,0.0000,0.0000,0.0000,2.15,33.99,45,-15.270,1,14.3
77463.618,+0.6750,+0.1042,0.1257,0.3429,4.793,-7.771,37.662,-5.367,0.0000,0.0000,0.0000,0.0000,0.0000,0.0000,0.0000,0.0000,2.15,33.99,45,-15.270,1,14.3
77463.656,+0.6366,+0.0803,0.1257,0.3429,7.742,-7.012,19.955,-4.398,0.0000,0.0000,0.0000,0.0000,0.0000,0.0000,0.0000,0.0000,2.15,34.04,22,-15.270,1,14.3
77463.698,+0.1621,-0.1895,0.1257,0.3429,7.742,-7.012,19.955,-4.398,0.0000,0.0000,0.0000,0.0000,0.0000,0.0000,0.0000,0.0000,2.15,34.04,22,-15.270,1,14.3
77463.737,-0.0353,-0.2943,0.1257,0.3429,7.292,-6.835,19.938,4.918,0.0000,0.0000,0.0000,0.0000,0.0000,0.0000,0.0000,0.0000,2.15,29.81,45,-15.270,1,14.3
77463.778,-0.0948,-0.3449,0.1257,0.3429,7.292,-6.835,19.938,4.918,0.0000,0.0000,0.0000,0.0000,0.0000,0.0000,0.0000,0.0000,2.15,29.81,45,-15.270,1,14.3
77463.818,-1.0000,-1.2667,0.1257,0.3429,8.485,16.888,24.760,10.906,0.0000,0.0000,0.0000,0.0000,0.0000,0.0000,0.0000,0.0000,2.79,1.43,45,-15.270,1,4.8
77463.859,-0.3492,-1.2667,0.1257,0.3429,8.485,16.888,24.760,10.906,0.0000,0.0000,0.0000,0.0000,0.0000,0.0000,0.0000,0.0000,2.79,1.43,45,-15.270,1,4.8
77463.900,+0.0000,-0.2667,0.1257,0.3429,-91.471,74.793,-84.880,217.666,0.0000,0.0000,0.0000,0.0000,0.0000,0.0000,0.0000,0.0000,2.79,1.24,45,-15.270,1,4.8
77463.940,+0.0000,-0.2667,0.2800,1.2800,-178.363,56.573,-209.828,361.845,0.0000,0.0000,0.0000,0.0000,0.0000,0.0000,0.0000,0.0000,2.79,0.07,45,-24.980,1,4.8
77463.981,+1.0000,-1.2667,0.2800,1.2800,-178.363,56.573,-209.828,361.845,0.0000,0.0000,0.0000,0.0000,0.0000,0.0000,0.0000,0.0000,2.79,0.07,45,-24.980,1,4.8
77464.021,-1.0000,-1.2667,0.2800,1.2800,-170.390,40.750,379.926,213.594,0.0000,0.0000,0.0000,0.0000,0.0000,0.0000,0.0000,0.0000,7.64,0.63,22,-24.980,1,4.8
77464.062,-0.3289,-1.2667,0.2800,1.2800,-170.390,40.750,379.926,213.594,0.0000,0.0000,0.0000,0.0000,0.0000,0.0000,0.0000,0.0000,7.64,0.63,22,-24.980,1,4.8
77464.106,-0.8462,-1.2667,0.2800,1.2800,-123.655,30.670,567.344,171.440,0.0000,0.0000,0.0000,0.0000,0.0000,0.0000,0.0000,0.0000,7.64,1.02,37,-24.980,1,4.8
77464.152,-0.8462,-1.2667,0.2800,1.2800,-123.655,30.670,567.344,171.440,0.0000,0.0000,0.0000,0.0000,0.0000,0.0000,0.0000,0.0000,7.64,1.02,37,-24.980,0,4.8
77464.194,-0.8462,-1.2667,0.2800,1.2800,-123.655,30.670,567.344,171.440,0.0000,0.0000,0.0000,0.0000,0.0000,0.0000,0.0000,0.0000,7.64,1.02,37,-24.980,0,4.8
77464.236,-0.8462,-1.2667,0.2800,1.2800,-69.109,35.523,530.948,190.020,0.0000,0.0000,0.0000,0.0000,0.0000,0.0000,0.0000,0.0000,7.64,1.14,45,-24.980,0,4.8
77464.278,-0.8462,-1.2667,0.2800,1.2800,-69.109,35.523,530.948,190.020,0.0000,0.0000,0.0000,0.0000,0.0000,0.0000,0.0000,0.0000,7.64,1.14,45,-24.980,0,4.8
77464.321,-0.8462,-1.2667,0.2800,1.2800,-69.109,35.523,530.948,190.020,0.0000,0.0000,0.0000,0.0000,0.0000,0.0000,0.0000,0.0000,7.64,1.14,45,-24.980,0,4.8
77464.360,-0.8462,-1.2667,0.2800,1.2800,-47.804,50.088,420.697,211.484,0.0000,0.0000,0.0000,0.0000,0.0000,0.0000,0.0000,0.0000,11.89,1.28,45,-24.980,0,4.9
77464.404,-0.8462,-1.2667,0.2800,1.2800,-47.804,50.088,420.697,211.484,0.0000,0.0000,0.0000,0.0000,0.0000,0.0000,0.0000,0.0000,11.89,1.28,45,-24.980,0,4.9
77464.441,-0.8462,-1.2667,0.2800,1.2800,-47.804,50.088,420.697,211.484,0.0000,0.0000,0.0000,0.0000,0.0000,0.0000,0.0000,0.0000,11.89,1.28,45,-24.980,0,4.9
77464.479,-0.8462,-1.2667,-0.1800,0.8200,-53.016,65.519,271.700,224.627,0.0000,0.0000,0.0000,0.0000,0.0000,0.0000,0.0000,0.0000,11.89,1.34,45,-15.030,0,4.9
77464.522,-0.8462,-1.2667,-0.1800,0.8200,-65.240,69.486,236.500,220.530,0.0000,0.0000,0.0000,0.0000,0.0000,0.0000,0.0000,0.0000,11.89,1.34,45,-15.030,0,4.9
77464.562,-0.8462,-1.2667,-0.1800,0.8200,-65.240,69.486,236.500,220.530,0.0000,0.0000,0.0000,0.0000,0.0000,0.0000,0.0000,0.0000,11.89,1.34,45,-15.030,0,4.9
77464.601,-0.8462,-1.2667,-0.1800,0.8200,-96.210,69.326,181.062,175.828,0.0000,0.0000,0.0000,0.0000,0.0000,0.0000,0.0000,0.0000,11.89,1.26,32,-15.030,0,4.9
77464.640,-0.8462,-1.2667,-0.1800,0.8200,-96.210,69.326,181.062,175.828,0.0000,0.0000,0.0000,0.0000,0.0000,0.0000,0.0000,0.0000,11.89,1.26,32,-15.030,0,4.9
77464.680,-0.8462,-1.2667,-0.1800,0.8200,-96.210,69.326,181.062,175.828,0.0000,0.0000,0.0000,0.0000,0.0000,0.0000,0.0000,0.0000,14.65,1.26,32,-15.030,0,5.2
77464.721,-0.8462,-1.2667,-0.1800,0.8200,-105.106,61.974,229.209,134.514,0.0000,0.0000,0.0000,0.0000,0.0000,0.0000,0.0000,0.0000,14.65,1.19,42,-15.030,0,5.2
77464.762,-0.8462,-1.2667,-0.1800,0.8200,-105.106,61.974,229.209,134.514,0.0000,0.0000,0.0000,0.0000,0.0000,0.0000,0.0000,0.0000,14.65,1.19,42,-15.030,0,5.2
77464.802,-0.8462,-1.2667,-0.1800,0.8200,-105.106,61.974,229.209,134.514,0.0000,0.0000,0.0000,0.0000,0.0000,0.0000,0.0000,0.0000,14.65,1.19,42,-15.030,0,5.2
77464.842,-0.8462,-1.2667,-0.1800,0.8200,-96.420,53.686,229.325,110.236,0.0000,0.0000,0.0000,0.0000,0.0000,0.0000,0.0000,0.0000,14.65,1.15,36,-15.030,0,5.2
77464.881,-0.8462,-1.2667,-0.1800,0.8200,-96.420,53.686,229.325,110.236,0.0000,0.0000,0.0000,0.0000,0.0000,0.0000,0.0000,0.0000,14.65,1.15,36,-15.030,0,5.2
77464.921,-0.8462,-1.2667,-0.1800,0.8200,-96.420,53.686,229.325,110.236,0.0000,0.0000,0.0000,0.0000,0.0000,0.0000,0.0000,0.0000,14.65,1.15,36,-15.030,0,5.2
77464.961,-0.8462,-1.2667,0.2686,1.1686,-86.013,48.690,221.764,94.620,0.0000,0.0000,0.0000,0.0000,0.0000,0.0000,0.0000,0.0000,14.65,1.12,44,-1.730,0,5.2
77465.002,-0.8462,-1.2667,0.2686,1.1686,-86.013,48.690,221.764,94.620,0.0000,0.0000,0.0000,0.0000,0.0000,0.0000,0.0000,0.0000,16.49,1.12,44,-1.730,0,5.4
77465.040,-0.8462,-1.2667,0.2686,1.1686,-76.168,44.822,197.772,79.812,0.0000,0.0000,0.0000,0.0000,0.0000,0.0000,0.0000,0.0000,16.49,1.07,45,-1.730,0,5.4
77465.078,-0.8462,-1.2667,0.2686,1.1686,-76.168,44.822,197.772,79.812,0.0000,0.0000,0.0000,0.0000,0.0000,0.0000,0.0000,0.0000,16.49,1.07,45,-1.730,0,5.4
77465.120,-0.8462,-1.2667,0.2686,1.1686,-70.419,42.581,176.175,73.501,0.0000,0.0000,0.0000,0.0000,0.0000,0.0000,0.0000,0.0000,16.49,1.04,45,-1.730,0,5.4
77465.162,-0.8462,-1.2667,0.2686,1.1686,-70.419,42.581,176.175,73.501,0.0000,0.0000,0.0000,0.0000,0.0000,0.0000,0.0000,0.0000,16.49,1.04,45,-1.730,0,5.4
77465.203,-0.8462,-1.2667,0.2686,1.1686,-63.081,39.971,131.679,60.565,0.0000,0.0000,0.0000,0.0000,0.0000,0.0000,0.0000,0.0000,16.49,1.01,45,-1.730,0,5.4
77465.243,-0.8462,-1.2667,0.2686,1.1686,-63.081,39.971,131.679,60.565,0.0000,0.0000,0.0000,0.0000,0.0000,0.0000,0.0000,0.0000,16.49,1.01,45,-1.730,0,5.4
77465.282,-0.8462,-1.2667,0.2686,1.1686,-63.081,39.971,131.679,60.565,0.0000,0.0000,0.0000,0.0000,0.0000,0.0000,0.0000,0.0000,16.49,1.01,45,-1.730,0,5.4
77465.323,-0.8462,-1.2667,0.2686,1.1686,-63.081,39.971,131.679,60.565,0.0000,0.0000,0.0000,0.0000,0.0000,0.0000,0.0000,0.0000,16.49,1.01,45,-1.730,0,5.4
77465.363,-0.8462,-1.2667,0.2686,1.1686,-54.445,36.821,119.731,55.102,0.0000,0.0000,0.0000,0.0000,0.0000,0.0000,0.0000,0.0000,17.21,0.98,45,-1.730,0,5.7
77465.407,-0.8462,-1.2667,0.2686,1.1686,-54.445,36.821,119.731,55.102,0.0000,0.0000,0.0000,0.0000,0.0000,0.0000,0.0000,0.0000,17.21,0.98,45,-1.730,0,5.7
77465.452,-0.8462,-1.2667,0.2857,1.2857,-48.490,34.951,107.438,44.594,0.0000,0.0000,0.0000,0.0000,0.0000,0.0000,0.0000,0.0000,17.21,0.98,45,-16.560,0,5.7
77465.498,-0.8462,-1.2667,0.2857,1.2857,-45.777,34.171,106.272,37.307,0.0000,0.0000,0.0000,0.0000,0.0000,0.0000,0.0000,0.0000,17.21,0.97,45,-16.560,0,5.7
77465.541,-0.8462,-1.2667,0.2857,1.2857,-45.777,34.171,106.272,37.307,0.0000,0.0000,0.0000,0.0000,0.0000,0.0000,0.0000,0.0000,17.21,0.97,45,-16.560,0,5.7
77465.585,-0.8462,-1.2667,0.2857,1.2857,-38.394,32.085,107.430,26.509,0.0000,0.0000,0.0000,0.0000,0.0000,0.0000,0.0000,0.0000,17.21,0.97,45,-16.560,0,5.7
77465.630,-0.8462,-1.2667,0.2857,1.2857,-38.394,32.085,107.430,26.509,0.0000,0.0000,0.0000,0.0000,0.0000,0.0000,0.0000,0.0000,16.77,0.97,45,-16.560,0,5.9
77465.673,-0.8462,-1.2667,0.2857,1.2857,-30.558,29.927,110.633,17.349,0.0000,0.0000,0.0000,0.0000,0.0000,0.0000,0.0000,0.0000,16.77,0.95,45,-16.560,0,5.9
77465.718,-0.8462,-1.2667,0.2857,1.2857,-30.558,29.927,110.633,17.349,0.0000,0.0000,0.0000,0.0000,0.0000,0.0000,0.0000,0.0000,16.77,0.95,45,-16.560,0,5.9
77465.766,-0.8462,-1.2667,0.2857,1.2857,-30.558,29.927,110.633,17.349,0.0000,0.0000,0.0000,0.0000,0.0000,0.0000,0.0000,0.0000,16.77,0.95,45,-16.560,0,5.9
77465.807,-0.8462,-1.2667,0.2857,1.2857,-12.467,24.615,124.480,2.811,0.0000,0.0000,0.0000,0.0000,0.0000,0.0000,0.0000,0.0000,16.77,0.89,45,-16.560,0,5.9
77465.848,-0.8462,-1.2667,0.2857,1.2857,-6.516,22.921,132.421,-2.312,0.0000,0.0000,0.0000,0.0000,0.0000,0.0000,0.0000,0.0000,16.77,0.87,45,-16.560,0,5.9
77465.894,-0.8462,-1.2667,-0.8571,0.1429,-6.516,22.921,132.421,-2.312,0.0000,0.0000,0.0000,0.0000,0.0000,0.0000,0.0000,0.0000,16.77,0.87,45,-24.970,0,5.9
77465.935,-0.8462,-1.2667,-0.8571,0.1429,15.035,16.932,224.508,-55.739,0.0000,0.0000,0.0000,0.0000,0.0000,0.0000,0.0000,0.0000,15.35,0.81,44,-24.970,0,6.1
77465.979,-0.8462,-1.2667,-0.8571,0.1429,15.035,16.932,224.508,-55.739,0.0000,0.0000,0.0000,0.0000,0.0000,0.0000,0.0000,0.0000,15.35,0.81,44,-24.970,0,6.1
77466.019,-0.8462,-1.2667,-0.8571,0.1429,15.035,16.932,224.508,-55.739,0.0000,0.0000,0.0000,0.0000,0.0000,0.0000,0.0000,0.0000,15.35,0.81,44,-24.970,0,6.1
77466.058,-0.8462,-1.2667,-0.8571,0.1429,42.976,10.189,319.421,-120.189,0.0000,0.0000,0.0000,0.0000,0.0000,0.0000,0.0000,0.0000,15.35,0.76,25,-24.970,0,6.1
77466.099,-0.8462,-1.2667,-0.8571,0.1429,42.976,10.189,319.421,-120.189,0.0000,0.0000,0.0000,0.0000,0.0000,0.0000,0.0000,0.0000,15.35,0.76,25,-24.970,0,6.1
77466.140,-0.8462,-1.2667,-0.8571,0.1429,76.487,4.862,324.700,-126.050,0.0000,0.0000,0.0000,0.0000,0.0000,0.0000,0.0000,0.0000,15.35,0.74,22,-24.970,0,6.1
77466.181,-0.8462,-1.2667,-0.8571,0.1429,76.487,4.862,324.700,-126.050,0.0000,0.0000,0.0000,0.0000,0.0000,0.0000,0.0000,0.0000,15.35,0.74,22,-24.970,0,6.1
